07,2,86,01,01,0,02,10,/,00,8,7,0,01,1,0,1, ,  ,07,/////,               ,
07,2,86,01,01,0,03,40,/,01,8,7,2,01,1,0,1, ,  ,07,/////,               ,
40,1,86,01,01,0,10,00,/,13,/,3,/,01,0,/,/, ,  ,01,/////,               ,
40,1,86,01,01,0,10,00,/,13,/,3,/,05,1,/,/, ,  ,01,/////,               ,
40,1,86,01,01,0,10,00,/,02,/,3,/,08,0,/,/, ,  ,01,803//,               ,
40,1,86,01,01,0,10,10,/,01,/,3,/,11,0,/,/, ,  ,01,/////,               ,
02,1,86,01,01,0,12,00,/,01,2,5,0,03,1,1,2, ,  ,08,/////,               ,
40,1,86,01,01,0,15,00,/,02,/,3,/,08,0,/,/, ,  ,01,804//,               ,
04,2,86,01,02,2,05,28,/,00,8,3,0,01,1,2,1, ,03,08,/////,               ,
02,2,86,01,02,0,05,30,/,03,3,5,0,01,0,0,1, ,04,08,/////,               ,k 0.7
07,2,86,01,02,0,05,33,/,01,8,3,0,01,1,0,1, ,03,07,/////,               ,
10,2,86,01,02,0,06,10,/,02,8,5,2,01,2,0,2, ,  ,04,/////,               ,
17,1,86,01,03,1,10,15,/,02,3,3,2,03,2,3,2, ,12,08,/////,               ,
38,1,86,01,05,1,15,00,/,05,0,0,5,08,3,5,2, ,//,08,815//,               ,
07,1,86,01,06,1,10,35,/,01,8,5,2,03,0,4,1, ,01,07,/////,               ,
33,1,86,01,06,2,11,35,/,22,8,1,8,01,0,1,1, ,  ,08,/////,               ,
33,1,86,01,06,2,11,35,/,22,8,1,8,04,2,1,2, ,  ,08,/////,               ,
33,1,86,01,06,2,11,35,/,04,8,1,8,12,0,4,1, ,  ,08,/////,               ,
33,1,86,01,06,2,11,35,/,12,8,1,8,51,2,0,1, ,  ,08,/////,               ,
38,1,86,01,06,0,12,15,/,01,8,1,/,03,2,0,1, ,  ,08,/////,               ,
33,1,86,01,06,2,12,20,/,18,8,1,8,05,2,1,2, ,  ,08,/////,               ,
17,1,86,01,06,0,12,37,/,01,7,1,0,05,1,4,1, ,  ,08,/////,               ,
07,1,86,01,06,1,13,19,/,09,8,5,2,05,2,4,2, ,14,07,/////,               ,kE
07,1,86,01,06,1,13,19,/,00,8,5,2,11,0,1,1, ,12,07,/////,               ,kE
07,1,86,01,06,1,13,23,/,00,8,5,2,03,1,1,1, ,12,07,/////,               ,
02,1,86,01,06,0,14,00,/,02,2,5,2,01,0,1,1, ,  ,08,/////,               ,
02,1,86,01,06,0,14,00,/,02,2,5,2,03,0,1,1, ,  ,08,/////,               ,
09,1,86,01,06,0,14,06,/,00,4,4,8,03,0,1,1, ,10,08,/////,               ,3', diffus
07,1,86,01,06,1,14,18,/,01,8,5,2,01,0,4,1, ,14,07,/////,               ,
07,1,86,01,06,1,14,18,/,03,8,5,2,03,2,1,2, ,14,07,/////,               ,kE
07,1,86,01,06,1,14,45,/,00,8,5,2,02,1,1,1, ,14,07,/////,               ,kE
11,1,86,01,07,0,//,//,/,//,/,/,/,01,/,/,/, ,  ,21,/////,               ,
11,1,86,01,07,0,//,//,/,//,/,/,/,03,/,/,/, ,  ,21,/////,               ,
07,1,86,01,07,1,08,40,/,05,6,5,2,08,1,4,2, ,  ,07,804//,               ,
02,1,86,01,10,0,15,45,/,02,2,5,7,08,0,0,2, ,06,08,810//,               ,
07,1,86,01,11,0,13,08,/,10,8,7,2,01,1,4,1, ,11,07,/////,               ,kE
02,1,86,01,11,0,14,30,/,04,3,5,7,01,0,1,1, ,05,08,/////,               ,
04,1,86,01,11,0,14,45,/,00,8,5,8,01,1,4,2, ,06,08,/////,               ,
02,1,86,01,12,0,12,45,/,00,1,5,3,01,0,1,1, ,02,08,/////,               ,
11,1,86,01,17,0,//,//,/,//,/,/,/,01,/,/,/, ,  ,21,/////,               ,
11,1,86,01,18,0,//,//,/,//,/,/,/,01,/,/,/, ,  ,21,/////,               ,
11,1,86,01,18,0,//,//,/,//,/,/,/,08,/,/,/, ,  ,21,8////,               ,
11,1,86,01,21,0,//,//,/,//,/,/,/,01,/,/,/, ,  ,21,/////,               ,
17,1,86,01,21,0,08,30,/,//,8,1,0,01,3,4,1, ,  ,08,/////,               ,
04,1,86,01,21,0,09,15,/,03,7,5,2,03,2,0,1, ,  ,08,/////,               ,
09,1,86,01,21,0,10,40,/,03,8,1,5,01,1,1,1, ,19,08,/////,               ,
38,1,86,01,21,0,10,50,/,13,8,1,5,01,1,0,1, ,18,08,/////,               ,
38,1,86,01,21,0,10,50,/,13,8,1,5,02,2,1,1, ,18,08,/////,               ,
16,1,86,01,21,0,12,45,/,02,/,/,/,03,1,1,2, ,16,08,/////,               ,
38,1,86,01,21,0,12,50,/,01,8,1,5,03,1,1,1, ,16,08,/////,               ,
16,1,86,01,21,0,13,10,/,01,/,/,/,02,1,1,2, ,16,08,/////,               ,
33,1,86,01,21,2,13,45,/,00,/,1,2,03,2,4,2, ,  ,08,/////,               ,
06,2,86,01,21,0,18,45,/,05,/,/,/,01,1,0,1, ,  ,04,/////,               ,
16,2,86,01,21,0,19,30,/,06,/,/,/,01,2,0,1, ,10,08,/////,               ,
07,2,86,01,21,0,20,17,/,06,6,7,5,01,1,0,2, ,  ,07,/////,               ,
04,2,86,01,21,0,20,40,/,01,7,5,9,01,2,0,2, ,08,08,/////,               ,
38,2,86,01,21,0,21,25,/,01,8,1,8,01,2,0,2, ,06,08,/////,               ,
17,1,86,01,22,1,11,53,/,02,2,1,0,01,3,1,1, ,  ,08,/////,               ,
17,1,86,01,22,1,11,53,/,02,2,1,0,05,2,4,1, ,  ,08,/////,               ,
09,1,86,01,22,0,15,45,/,01,2,1,8,03,2,1,2, ,12,08,/////,               ,
07,1,86,01,22,1,15,57,/,01,6,7,0,03,1,1,1, ,23,07,/////,               ,
07,1,86,01,22,1,16,25,/,00,8,7,0,02,0,4,1, ,22,07,/////,               ,
07,1,86,01,22,1,16,32,/,00,8,7,0,08,1,4,1, ,  ,07,801//,               ,
09,2,86,01,22,0,17,55,/,08,/,3,7,01,2,0,1, ,09,08,/////,               ,Aureole und Kranz
38,2,86,01,22,0,18,05,/,19,8,5,0,01,3,0,2,2,10,08,/////,               ,
16,2,86,01,22,0,18,25,/,06,/,/,/,01,2,0,2, ,17,08,/////,               ,
10,2,86,01,22,0,18,30,/,24,8,1,0,01,2,0,2, ,  ,04,/////,               ,
06,2,86,01,22,1,18,40,/,04,8,5,0,01,/,/,/, ,08,04,/////,               ,
02,2,86,01,22,0,19,00,/,04,/,/,/,01,1,0,1, ,  ,08,/////,               ,k 0.85
37,2,86,01,22,0,20,00,/,00,7,7,0,01,0,3,/, ,14,07,/////,               ,
06,2,86,01,22,1,20,05,/,03,/,3,0,01,/,/,/, ,07,04,/////,               ,
07,2,86,01,22,0,21,27,/,01,8,7,9,01,1,0,1, ,17,07,/////,               ,kE
06,2,86,01,22,1,22,10,/,12,/,3,0,01,/,/,/, ,04,04,/////,               ,
11,1,86,01,23,0,//,//,/,//,/,/,/,01,/,/,/, ,  ,21,/////,               ,
11,1,86,01,23,0,//,//,/,//,/,/,/,04,/,/,/, ,  ,21,/////,               ,
11,1,86,01,23,0,//,//,/,//,/,/,/,05,/,/,/, ,  ,21,/////,               ,
06,2,86,01,23,1,01,10,/,06,/,3,9,01,/,/,/, ,01,04,/////,               ,
38,1,86,01,23,0,13,00,/,01,4,3,9,03,2,1,1,2,03,08,/////,               ,
17,1,86,01,24,1,09,58,/,06,3,4,1,02,3,2,2, ,  ,08,/////,               ,
10,2,86,01,25,0,23,45,/,02,8,3,2,01,2,0,2, ,  ,04,/////,               ,
40,1,86,01,26,0,11,30,/,00,/,1,/,11,0,/,/, ,  ,01,/////,               ,
07,1,86,01,27,1,13,59,/,00,8,7,5,02,0,4,1, ,  ,07,/////,               ,
04,1,86,01,27,0,14,57,/,00,8,5,2,01,0,4,1, ,00,08,/////,               ,
11,1,86,01,28,0,//,//,/,//,/,/,/,10,/,/,/, ,  ,21,8////,               ,
07,2,86,01,28,1,06,27,/,01,8,5,5,01,0,0,1, ,  ,07,/////,               ,
38,2,86,01,28,0,06,30,/,02,6,3,0,01,2,0,1,2,09,08,/////,               ,
07,1,86,01,28,1,08,13,/,01,8,5,2,09,1,3,2, ,  ,07,8//03,               ,
02,1,86,01,28,0,10,00,/,02,3,5,2,01,1,1,1, ,01,08,/////,               ,
02,1,86,01,28,0,10,00,/,02,5,3,5,03,1,1,2, ,  ,08,/////,               ,
07,2,86,01,29,0,05,34,/,01,8,5,0,01,1,4,1, ,  ,07,/////,               ,
02,1,86,01,29,0,08,00,/,02,1,5,0,01,0,1,1, ,  ,08,/////,               ,
02,1,86,01,29,0,08,00,/,02,1,5,0,03,0,1,1, ,  ,08,/////,               ,
10,1,86,01,29,0,13,55,/,06,8,5,0,01,2,1,1, ,  ,04,/////,               ,
09,2,86,01,30,0,05,00,/,05,4,3,9,01,1,0,1, ,  ,08,/////,               ,
10,2,86,01,30,0,05,45,/,01,8,1,0,01,0,0,1, ,  ,04,/////,               ,
02,2,86,01,30,0,06,00,/,04,/,/,/,01,0,0,1, ,  ,08,/////,               ,k 0.83
37,2,86,01,30,0,06,15,/,00,/,3,0,08,2,3,2, ,  ,07,810//,               ,
02,1,86,01,30,0,09,00,/,03,/,/,/,01,1,1,1, ,  ,08,/////,               ,
02,1,86,01,30,0,09,00,/,03,/,/,/,04,1,1,2, ,  ,08,/////,               ,
10,1,86,01,30,0,14,25,/,04,8,5,0,01,1,0,1, ,  ,04,/////,               ,
07,1,86,01,31,1,11,24,/,08,8,7,7,03,1,1,1, ,22,07,/////,               ,
07,1,86,01,31,1,11,26,/,05,8,7,7,02,1,4,1, ,23,07,/////,               ,
09,1,86,01,31,0,11,35,/,02,4,1,5,03,1,0,1, ,  ,08,/////,               ,
07,1,86,01,31,1,11,40,/,10,8,7,7,01,1,4,1, ,22,07,/////,               ,
09,1,86,01,31,0,11,50,/,02,4,1,5,02,1,0,2, ,  ,08,/////,               ,kA, kE
40,1,86,02,01,0,08,55,/,03,/,3,/,08,0,/,/, ,  ,01,805//,               ,
02,1,86,02,01,0,11,00,/,03,2,5,2,01,0,1,1, ,  ,08,/////,               ,
40,1,86,02,01,0,11,25,/,03,/,3,/,08,0,/,/, ,  ,01,815//,               ,
40,1,86,02,01,0,11,25,/,03,/,3,/,11,0,/,/, ,  ,01,/////,               ,
38,1,86,02,01,0,13,00,/,02,8,3,/,03,1,1,1, ,13,08,/////,               ,
38,1,86,02,01,0,13,10,/,02,8,3,/,02,2,1,1, ,13,08,/////,               ,
07,1,86,02,01,0,13,52,/,01,8,7,2,01,0,4,1, ,  ,07,/////,               ,
11,1,86,02,03,0,//,//,/,//,/,/,/,01,/,/,/, ,  ,21,/////,               ,
11,1,86,02,03,0,//,//,/,//,/,/,/,04,/,/,/, ,  ,21,/////,               ,
10,1,86,02,03,0,09,15,/,46,8,3,7,01,2,1,1,2,//,04,/////,               ,*
33,1,86,02,03,2,09,25,/,18,8,3,7,02,1,4,2, ,  ,08,/////,               ,*
10,1,86,02,03,0,09,40,/,43,8,3,7,04,3,1,2,2,//,04,/////,               ,*
17,1,86,02,03,0,09,40,/,05,8,6,0,01,2,1,1, ,  ,08,/////,               ,
17,1,86,02,03,0,09,40,/,05,8,6,0,03,3,1,2, ,  ,08,/////,               ,
17,1,86,02,03,0,09,40,/,05,8,6,0,11,3,1,2, ,  ,08,/////,               ,
10,1,86,02,03,0,09,50,/,33,8,3,7,05,1,1,1,2,//,04,/////,               ,*
10,1,86,02,03,0,09,50,/,30,8,3,7,11,2,1,2,2,//,04,/////,               ,*
10,1,86,02,03,0,09,50,/,25,8,3,7,12,0,1,1,2,//,04,/////,               ,*
10,1,86,02,03,0,09,50,/,15,8,3,7,13,2,0,1,2,//,04,/////,               ,*
33,1,86,02,03,2,09,55,/,14,8,3,7,01,0,4,1, ,  ,08,/////,               ,*
33,1,86,02,03,2,09,55,/,02,8,3,7,03,1,4,1, ,  ,08,/////,               ,*
06,1,86,02,03,0,10,00,/,36,8,3,0,01,/,/,/, ,  ,04,/////,               ,
06,1,86,02,03,0,10,00,/,36,8,3,0,04,/,/,/, ,  ,04,/////,               ,
06,1,86,02,03,0,10,00,/,36,8,3,0,05,/,/,/, ,  ,04,/////,               ,
06,1,86,02,03,0,10,00,/,15,8,3,0,12,/,/,/, ,  ,04,/////,               ,
33,1,86,02,03,2,10,00,/,26,8,3,7,11,3,1,2, ,  ,08,/////,               ,*
17,1,86,02,03,0,10,20,/,16,8,6,0,02,1,1,2, ,  ,08,/////,               ,
17,1,86,02,03,0,11,25,/,01,8,6,0,03,2,3,2, ,  ,08,/////,               ,
33,1,86,02,03,2,12,10,/,01,8,3,7,05,0,1,2, ,  ,08,/////,               ,*
33,1,86,02,03,2,12,10,/,01,8,3,7,12,1,4,1, ,  ,08,/////,               ,
33,1,86,02,03,2,12,10,/,01,8,3,7,13,1,0,1, ,  ,08,/////,               ,*
17,1,86,02,03,0,12,30,/,08,5,6,0,01,2,3,1, ,  ,08,/////,               ,
17,1,86,02,03,0,12,30,/,08,5,6,0,05,2,3,1, ,  ,08,/////,               ,
33,1,86,02,03,2,14,55,/,02,/,1,/,03,2,1,2, ,  ,08,/////,               ,
07,1,86,02,03,1,14,58,/,02,8,7,7,03,2,4,1, ,  ,07,/////,               ,kE
10,1,86,02,03,0,15,55,/,03,8,3,0,08,2,0,2, ,  ,04,803//,               ,
02,1,86,02,04,0,09,30,/,03,2,5,0,01,0,1,1, ,  ,08,/////,               ,
09,1,86,02,04,0,15,20,/,01,1,1,0,03,2,1,2, ,  ,08,/////,               ,
07,1,86,02,05,1,10,43,/,03,8,5,0,01,1,4,1, ,  ,07,/////,               ,
07,1,86,02,05,1,15,38,/,00,8,5,0,03,1,1,1, ,  ,07,/////,               ,
07,1,86,02,05,1,15,48,/,00,8,5,0,02,0,4,1, ,  ,07,/////,               ,
02,1,86,02,05,0,16,15,/,01,1,1,0,03,1,1,1, ,  ,08,/////,               ,
07,1,86,02,06,1,14,51,/,03,8,5,0,02,0,4,1, ,15,07,/////,               ,
04,1,86,02,07,0,16,24,/,01,/,0,8,10,1,3,1, ,  ,08,80201,               ,
09,1,86,02,07,0,16,25,/,02,/,1,5,08,1,0,2, ,  ,08,805//,               ,
33,1,86,02,08,2,08,05,/,//,1,1,0,08,0,4,1, ,  ,08,802//,               ,
09,1,86,02,08,0,09,30,/,02,6,3,7,01,1,1,1, ,  ,08,/////,               ,
04,1,86,02,08,0,10,00,/,01,/,/,9,01,1,4,1, ,00,08,/////,               ,
04,1,86,02,08,0,10,00,/,01,/,/,9,08,0,3,2, ,00,08,815//,               ,
09,1,86,02,08,1,16,30,/,01,/,3,/,08,0,0,/, ,  ,08,801//,               ,
33,5,86,02,12,2,06,50,/,01,0,0,0,09,0,1,2, ,00,08,8//18,               ,vom Beonachter 15m entfernt
17,1,86,02,12,0,09,00,/,01,8,3,0,10,2,3,2, ,  ,08,80705,               ,
11,1,86,02,15,0,//,//,/,//,/,/,/,01,/,/,/, ,  ,21,/////,               ,
40,1,86,02,15,0,16,50,/,02,/,1,/,08,1,/,/, ,  ,01,803//,               ,
11,1,86,02,19,0,//,//,/,//,/,/,/,01,/,/,/, ,  ,21,/////,               ,
11,1,86,02,19,0,//,//,/,//,/,/,/,08,/,/,/, ,  ,21,8////,               ,
33,1,86,02,20,2,08,15,/,00,/,/,/,10,1,4,1, ,  ,08,80101,               ,
07,1,86,02,20,1,08,54,0,03,8,5,0,09,1,3,2, ,  ,07,8//03,               ,
06,1,86,02,20,0,09,10,/,07,8,3,1,10,2,0,2, ,  ,04,80203,               ,
38,1,86,02,20,0,16,25,/,01,0,0,/,08,3,0,2, ,00,08,803//,               ,Schneefall w„hrend der Beobachtung
04,1,86,02,20,1,16,45,/,//,/,/,9,08,3,3,2, ,00,08,803//,               ,kE
07,1,86,02,21,1,07,34,/,01,8,5,5,09,2,4,2, ,  ,07,8//02,               ,
40,1,86,02,21,0,08,10,/,02,/,3,/,08,0,/,/, ,  ,01,804//,               ,
40,1,86,02,21,0,08,10,/,02,/,1,/,09,1,/,/, ,  ,01,8//08,               ,
09,1,86,02,21,1,08,15,/,00,0,0,8,08,1,0,1, ,  ,08,801//,               ,Eisnadelfall
38,1,86,02,21,0,08,15,/,01,0,0,8,08,1,0,1, ,00,08,801//,               ,Schneefall w„hrend der Beobachtung
07,1,86,02,21,1,08,23,/,00,8,5,5,08,1,3,2, ,  ,07,804//,               ,
11,1,86,02,22,0,//,//,/,//,/,/,/,08,/,/,/, ,  ,21,8////,               ,
37,1,86,02,22,1,08,35,/,06,/,/,/,10,2,4,2, ,//,07,80202,               ,
11,1,86,02,23,0,//,//,/,//,/,/,/,23,/,/,/, ,  ,21,/////,               ,
11,1,86,02,24,0,//,//,/,//,/,/,/,01,/,/,/, ,  ,21,/////,               ,
06,2,86,02,24,0,01,15,/,09,7,3,2,01,/,/,/, ,  ,04,/////,               ,
07,1,86,02,24,1,16,54,/,02,8,1,9,09,2,4,2, ,  ,07,8//02,               ,
07,1,86,02,24,1,17,10,/,02,8,1,9,08,2,4,2, ,  ,07,802//,               ,
07,1,86,02,25,1,08,10,/,03,8,5,9,08,1,3,2, ,  ,07,802//,               ,
07,1,86,02,25,1,08,42,0,00,8,5,9,09,1,3,1, ,  ,07,8//01,               ,
04,5,86,02,27,1,04,45,/,//,/,/,/,01,1,2,2, ,  ,08,/////,               ,
04,1,86,02,28,0,11,29,/,20,4,3,0,01,1,4,2, ,  ,08,/////,               ,
04,1,86,02,28,0,11,29,/,03,4,3,0,04,1,0,2, ,  ,08,/////,               ,
04,1,86,02,28,0,11,29,/,03,4,3,0,05,2,4,1, ,  ,08,/////,               ,
04,1,86,02,28,0,11,29,/,03,4,3,0,13,1,0,1, ,  ,08,/////,               ,
07,1,86,02,28,1,11,43,/,10,8,5,0,01,2,4,2, ,  ,07,/////,               ,
07,1,86,02,28,1,11,52,/,01,8,5,0,13,0,0,1, ,  ,07,/////,               ,
02,1,86,02,28,0,12,00,/,13,3,5,0,01,1,1,1, ,  ,08,/////,               ,
02,1,86,02,28,0,12,00,/,13,3,5,0,02,1,1,2, ,  ,08,/////,               ,
38,1,86,02,28,0,12,45,/,07,2,4,0,03,2,1,1, ,  ,08,/////,               ,
38,1,86,02,28,0,13,15,/,07,2,4,0,01,2,1,2, ,  ,08,/////,               ,
09,1,86,02,28,0,13,20,/,14,8,3,0,01,2,1,1, ,  ,08,/////,               ,
38,1,86,02,28,0,13,40,/,02,5,1,0,02,1,1,1, ,  ,08,/////,               ,
38,1,86,02,28,0,13,40,/,02,5,1,0,05,2,1,1, ,  ,08,/////,               ,
07,1,86,02,28,1,16,35,/,02,5,5,0,04,1,1,1, ,  ,07,/////,               ,
09,1,86,02,28,0,16,45,/,01,2,1,0,02,1,1,1, ,  ,08,/////,               ,
11,1,86,03,01,0,//,//,/,//,/,/,/,08,/,/,/, ,  ,21,8////,               ,
10,2,86,03,01,0,05,40,/,02,8,3,0,01,1,0,1, ,  ,04,/////,               ,
40,1,86,03,01,0,07,40,/,11,/,1,/,01,0,/,/, ,  ,01,/////,               ,
10,1,86,03,01,0,08,30,/,21,8,5,0,04,2,1,1, ,  ,04,/////,               ,
04,1,86,03,01,0,08,35,/,01,8,3,0,02,0,0,1, ,27,08,/////,               ,
04,1,86,03,01,0,08,35,/,01,8,3,0,03,3,4,2, ,27,08,/////,               ,
10,1,86,03,01,0,08,50,/,19,8,5,0,01,2,1,1, ,  ,04,/////,               ,
06,1,86,03,01,1,08,55,/,26,7,3,7,01,/,/,/, ,  ,04,/////,               ,
06,1,86,03,01,1,08,55,/,26,7,3,7,04,/,/,/, ,  ,04,/////,               ,
06,1,86,03,01,1,08,55,/,26,7,3,7,05,/,/,/, ,  ,04,/////,               ,
33,1,86,03,01,2,09,55,/,14,8,3,0,01,0,4,1, ,  ,08,/////,               ,
40,1,86,03,01,0,09,55,/,07,/,3,/,05,0,/,/, ,  ,01,/////,               ,
40,1,86,03,01,0,09,55,/,07,/,3,/,11,0,/,/, ,  ,01,/////,               ,
04,1,86,03,01,0,10,00,/,04,8,3,0,01,1,0,1, ,25,08,/////,               ,*
04,1,86,03,01,0,10,00,/,04,8,3,0,05,1,4,2, ,25,08,/////,               ,*
07,1,86,03,01,0,10,01,/,03,8,3,0,01,1,4,1, ,  ,07,/////,               ,
04,1,86,03,01,0,10,25,/,01,8,3,0,13,2,0,1, ,25,08,/////,               ,*
04,1,86,03,01,0,10,25,/,01,8,3,0,25,1,0,1, ,25,08,/////,               ,
04,1,86,03,01,0,10,25,/,01,8,3,0,27,1,0,2, ,25,08,/////,               ,*
04,1,86,03,01,0,10,25,/,01,8,3,0,51,1,0,2, ,25,08,/////,               ,*
04,1,86,03,01,0,10,35,/,01,8,3,0,11,1,1,1, ,25,08,/////,               ,*
04,1,86,03,01,0,10,35,/,01,8,3,0,12,1,1,1, ,25,08,/////,               ,*
02,1,86,03,01,0,11,00,/,06,4,5,0,01,1,1,1, ,  ,08,/////,               ,
02,1,86,03,01,0,11,00,/,06,4,5,0,04,1,1,2, ,  ,08,/////,               ,
07,1,86,03,01,0,11,43,/,01,8,3,0,07,1,4,1, ,  ,07,/////,               ,
04,1,86,03,01,0,12,05,/,03,8,3,8,01,0,0,2, ,23,08,/////,               ,
04,1,86,03,01,0,12,05,/,03,8,3,8,04,2,1,2, ,23,08,/////,               ,
04,1,86,03,01,0,12,05,/,03,8,3,8,05,1,4,2, ,23,08,/////,               ,
06,1,86,03,01,1,14,45,/,06,3,5,0,04,/,/,/, ,  ,04,/////,               ,
06,1,86,03,01,1,14,45,/,06,3,5,0,11,/,/,/, ,  ,04,/////,               ,
10,1,86,03,01,0,16,30,/,02,8,5,9,04,1,0,1, ,  ,04,/////,               ,
11,1,86,03,02,0,//,//,/,//,/,/,/,01,/,/,/, ,  ,21,/////,               ,
11,1,86,03,02,0,//,//,/,//,/,/,/,03,/,/,/, ,  ,21,/////,               , 
33,1,86,03,03,2,17,00,/,//,1,4,0,08,2,4,1, ,  ,08,802//,               ,
10,1,86,03,04,0,14,30,/,10,8,3,0,01,0,0,1, ,10,04,/////,               ,
11,1,86,03,07,0,//,//,/,//,/,/,/,01,/,/,/, ,  ,21,/////,               ,
11,1,86,03,07,0,//,//,/,//,/,/,/,04,/,/,/, ,  ,21,/////,               ,
11,1,86,03,07,0,//,//,/,//,/,/,/,11,/,/,/, ,  ,21,/////,               ,
02,1,86,03,07,0,16,30,/,07,3,5,2,01,1,1,1, ,  ,08,/////,               ,
02,1,86,03,07,0,16,30,/,07,3,5,2,03,1,1,2, ,  ,08,/////,               ,
02,1,86,03,07,0,16,30,/,07,3,5,2,05,2,1,2, ,  ,08,/////,               ,
02,1,86,03,07,0,16,30,/,07,3,5,2,12,1,1,1, ,  ,08,/////,               ,
33,1,86,03,08,2,16,40,/,01,/,3,8,03,1,1,1, ,  ,08,/////,               ,
09,1,86,03,10,0,18,10,/,01,1,1,0,08,0,0,1, ,11,08,804//,               ,
06,1,86,03,15,1,12,40,/,06,8,3,8,01,/,/,/, ,02,04,/////,               ,
07,1,86,03,17,0,16,10,/,08,8,5,0,01,1,4,1, ,  ,07,/////,               ,
02,1,86,03,17,0,17,00,/,04,1,5,/,01,0,1,1, ,  ,08,/////,               ,
02,1,86,03,17,0,17,00,/,04,1,5,0,03,1,1,1, ,  ,08,/////,               ,
04,1,86,03,17,0,17,10,/,01,2,1,0,04,1,1,1, ,  ,08,/////,               ,
07,1,86,03,17,0,17,27,/,02,8,5,0,08,1,3,2, ,  ,07,802//,               ,
06,1,86,03,17,1,17,50,/,02,2,3,7,08,/,/,/, ,  ,04,805//,               ,
40,1,86,03,19,0,17,42,/,01,/,1,/,01,0,/,/, ,  ,01,/////,               ,
40,1,86,03,19,0,17,46,/,01,/,1,/,03,1,/,/, ,  ,01,/////,               ,
40,1,86,03,19,0,17,58,/,00,/,1,/,08,1,/,/, ,  ,01,801//,               ,
33,1,86,03,20,2,17,50,/,01,1,1,0,08,0,4,2, ,14,08,810//,               ,
40,1,86,03,21,0,17,50,/,02,/,1,/,02,0,/,/, ,  ,01,/////,               ,
40,1,86,03,22,0,17,03,/,03,/,3,/,01,0,/,/, ,  ,01,/////,               ,
02,1,86,03,22,0,18,00,/,02,1,5,0,08,1,4,2, ,  ,08,810//,               ,
10,2,86,03,22,0,22,30,/,01,8,3,0,01,1,0,1, ,10,04,/////,               ,
07,1,86,03,24,1,06,08,/,01,8,5,7,08,1,4,2, ,03,07,802//,               ,
33,1,86,03,24,2,06,45,/,01,1,1,0,09,1,4,2, ,04,08,8//03,               ,
33,1,86,03,24,2,06,50,/,22,6,3,0,01,1,0,1, ,04,08,/////,               ,
33,1,86,03,24,2,06,50,/,01,1,1,0,08,1,4,2, ,04,08,803//,               ,
10,1,86,03,24,1,07,00,/,01,8,5,0,01,2,1,1, ,04,03,/////,               ,
07,1,86,03,24,1,07,39,/,00,8,5,7,01,0,0,1, ,03,07,/////,               ,
09,1,86,03,24,0,07,45,/,05,8,3,2,01,2,4,1, ,03,08,/////,               ,
38,1,86,03,24,0,07,55,/,02,8,3,0,01,2,1,1, ,04,08,/////,               ,
09,1,86,03,24,0,08,00,/,02,8,3,2,05,1,0,1, ,03,08,/////,               ,
04,1,86,03,24,0,08,05,/,00,8,2,9,01,1,4,1, ,  ,08,/////,               ,
06,1,86,03,24,1,08,30,/,06,5,1,2,01,/,/,/, ,04,04,/////,               ,
10,1,86,03,24,1,09,30,/,02,8,3,7,01,2,1,2, ,01,03,/////,               ,
10,1,86,03,24,1,09,30,/,02,8,3,7,05,2,1,1, ,01,03,/////,               ,
06,1,86,03,24,1,09,40,/,13,7,1,0,01,/,/,/, ,03,04,/////,               ,
40,1,86,03,24,0,11,15,/,12,/,1,/,01,0,/,/, ,  ,01,/////,               ,
40,1,86,03,25,0,11,40,/,01,/,1,/,01,0,/,/, ,  ,01,/////,               ,
07,1,86,03,25,1,16,36,/,04,8,5,2,04,2,1,2, ,  ,07,/////,               ,
07,1,86,03,25,1,16,42,/,03,8,5,2,01,1,4,1, ,  ,07,/////,               ,
38,1,86,03,25,0,16,50,/,04,6,1,5,02,2,1,1, ,  ,08,/////,               ,
38,1,86,03,25,0,16,50,/,04,6,1,5,03,2,1,1, ,  ,08,/////,               ,
09,1,86,03,25,0,17,10,/,04,6,5,5,02,2,1,2, ,  ,08,/////,               ,
09,1,86,03,25,0,17,10,/,04,6,5,5,03,2,1,2, ,  ,08,/////,               ,
09,1,86,03,25,0,17,20,/,02,6,5,5,01,1,1,1, ,  ,08,/////,               ,
09,1,86,03,25,0,17,20,/,01,6,5,5,05,0,1,1, ,  ,08,/////,               ,
06,1,86,03,25,1,17,35,/,01,1,1,6,02,1,1,1, ,  ,04,/////,               ,
02,1,86,03,25,0,17,40,/,04,1,5,8,01,0,1,1, ,  ,08,/////,               ,
02,1,86,03,25,0,17,40,/,04,1,5,8,02,1,1,2, ,  ,08,/////,               ,
02,1,86,03,25,0,17,40,/,04,1,5,8,08,1,0,2, ,  ,08,812//,               ,
04,1,86,03,25,0,17,51,/,01,7,5,3,02,2,4,1, ,  ,08,/////,               ,
04,1,86,03,25,0,17,55,/,00,7,5,3,01,1,0,1, ,  ,08,/////,               ,
04,1,86,03,25,0,17,55,/,01,7,5,3,08,0,0,2, ,  ,08,805//,               ,
09,1,86,03,25,0,18,10,/,01,2,1,5,08,1,0,2, ,  ,08,810//,               ,
10,1,86,03,25,1,18,25,/,01,/,5,5,01,1,4,1, ,  ,03,/////,               ,
33,2,86,03,25,2,18,45,/,//,2,1,5,09,0,0,1, ,  ,08,8//01,               ,
02,2,86,03,25,0,19,00,/,05,2,5,0,01,1,0,1, ,  ,08,/////,               ,
09,2,86,03,25,0,19,00,/,01,/,3,/,08,1,0,2, ,  ,08,801//,               ,
04,2,86,03,25,0,20,00,/,15,7,5,7,01,1,0,1, ,  ,08,/////,               ,
09,2,86,03,25,0,21,25,/,02,4,3,/,01,2,0,1, ,  ,08,/////,               ,
07,2,86,03,25,1,21,42,/,01,8,5,2,01,1,0,1, ,  ,07,/////,               ,
04,2,86,03,25,1,23,40,/,00,7,5,7,01,1,4,1, ,  ,08,/////,               ,
04,2,86,03,26,1,05,14,/,02,2,5,2,10,1,0,2, ,  ,08,80202,               ,
33,1,86,03,27,2,06,00,/,03,1,1,8,08,1,4,2, ,  ,08,808//,               ,
07,1,86,03,27,1,06,11,/,01,8,7,0,08,1,3,2, ,  ,07,802//,               ,
10,1,86,03,27,0,06,20,/,01,8,5,0,08,2,0,2, ,06,04,802//,               ,
33,1,86,03,27,2,06,25,/,01,1,1,8,09,1,4,1, ,  ,08,8//02,               ,
33,1,86,03,27,2,06,30,/,01,6,5,8,01,0,4,1, ,  ,08,/////,               ,
07,1,86,03,27,1,06,31,/,04,8,7,0,01,1,4,1, ,  ,07,/////,               ,
10,1,86,03,27,0,06,35,/,02,8,5,8,01,1,1,1, ,05,04,/////,               ,
33,1,86,03,27,2,06,35,/,02,6,5,8,04,1,4,1, ,  ,08,/////,               ,
07,1,86,03,27,1,06,52,/,00,8,7,0,03,0,1,1, ,  ,07,/////,               ,
10,1,86,03,27,0,06,55,/,01,8,7,8,02,2,1,2, ,05,04,/////,               ,
06,1,86,03,27,1,07,00,/,01,5,3,0,01,1,1,1, ,05,04,/////,               ,
06,1,86,03,27,1,07,00,/,01,5,3,0,04,1,1,1, ,05,04,/////,               ,
38,1,86,03,27,0,07,25,/,01,3,1,/,01,1,0,1, ,  ,08,/////,               ,
38,1,86,03,27,0,07,25,/,01,3,1,/,02,2,1,1, ,  ,08,/////,               ,
38,1,86,03,27,0,07,35,/,01,3,1,/,03,2,1,1, ,  ,08,/////,               ,
40,1,86,03,27,0,08,50,/,01,/,1,/,11,0,/,/, ,  ,01,/////,               ,
02,1,86,03,27,0,16,00,/,05,2,5,2,01,0,1,1, ,  ,08,/////,               ,
09,1,86,03,27,0,16,50,/,05,6,1,2,01,1,1,1, ,  ,08,/////,               ,
09,1,86,03,27,0,17,20,/,01,6,1,2,03,2,1,2, ,  ,08,/////,               ,
11,1,86,03,28,0,//,//,/,//,/,/,/,01,/,/,/, ,  ,21,/////,               ,
06,1,86,03,28,1,06,25,2,01,8,5,7,01,1,1,1, ,  ,04,/////,               ,kE
38,1,86,03,28,1,07,50,/,05,8,1,0,01,2,1,1, ,10,16,/////,               ,Lausitzer Gebirge
02,1,86,03,28,0,09,30,/,04,2,7,5,01,1,1,1, ,06,08,/////,               ,
02,1,86,03,28,0,09,30,/,04,2,7,5,03,1,1,2, ,06,08,/////,               ,
09,1,86,03,28,0,18,20,/,01,1,/,2,03,1,1,2, ,  ,08,/////,               ,
09,1,86,03,28,0,18,24,/,01,1,/,2,08,2,0,2, ,  ,08,802//,               ,
11,1,86,03,29,0,//,//,/,//,/,/,/,01,/,/,/, ,  ,21,/////,               ,
10,2,86,03,29,0,01,55,/,02,8,5,8,01,2,0,1, ,  ,04,/////,               ,
10,2,86,03,29,0,01,55,/,02,8,5,8,04,1,0,1, ,  ,04,/////,               ,
33,1,86,03,29,2,08,20,/,13,7,1,0,01,0,4,1, ,  ,08,/////,               ,
02,1,86,03,29,0,09,00,/,05,1,5,8,01,1,1,2, ,10,08,/////,               ,
09,1,86,03,29,0,09,00,/,15,/,1,5,01,2,1,1, ,  ,08,/////,               ,
09,1,86,03,29,0,09,30,/,01,7,1,5,02,2,1,1, ,  ,08,/////,               ,
09,1,86,03,29,0,09,30,/,01,7,1,5,03,2,1,1, ,  ,08,/////,               ,
06,1,86,03,29,0,10,15,/,01,6,5,7,01,1,1,1, ,  ,04,/////,               ,
10,1,86,03,29,0,10,15,/,03,8,5,8,01,2,1,2, ,  ,04,/////,               ,
10,1,86,03,29,0,10,15,/,03,8,5,8,13,1,0,1, ,  ,04,/////,               ,
10,1,86,03,29,0,10,35,/,01,8,5,8,05,1,1,1, ,  ,04,/////,               ,
40,1,86,03,29,0,17,46,/,07,/,1,/,03,0,/,/, ,  ,01,/////,               ,
11,1,86,03,30,0,//,//,/,//,/,/,/,01,/,/,/, ,  ,21,/////,               ,
33,1,86,03,30,2,07,00,/,00,/,3,2,02,1,1,1, ,  ,08,/////,               ,kE
09,1,86,03,30,0,11,10,/,01,/,3,2,01,1,0,1, ,  ,08,/////,               ,
33,1,86,03,30,2,11,20,/,00,/,1,5,01,0,4,1, ,  ,08,/////,               ,kE
38,1,86,03,30,1,11,20,/,03,7,1,5,01,2,1,1, ,03,08,/////,               ,Waltersdorf
38,1,86,03,30,1,11,20,/,03,7,1,5,05,2,1,1, ,03,08,/////,               ,Waltersdorf
02,1,86,03,30,0,17,15,/,06,2,5,5,01,1,1,1, ,  ,08,/////,               ,
02,1,86,03,30,0,17,15,/,06,2,5,5,03,1,1,2, ,  ,08,/////,               ,
10,1,86,03,30,0,18,00,/,01,7,1,6,01,0,0,1, ,  ,04,/////,               ,Cb-Schirm
11,1,86,03,31,0,//,//,/,//,/,/,/,02,/,/,/, ,  ,21,/////,               ,
40,1,86,03,31,0,13,05,/,08,/,1,/,01,0,/,/, ,  ,01,/////,               ,
40,1,86,03,31,0,14,30,/,01,/,3,/,02,0,/,/, ,  ,01,/////,               ,
40,1,86,03,31,0,15,20,/,01,/,3,/,01,0,/,/, ,  ,01,/////,               ,
40,1,86,03,31,0,15,30,/,01,/,1,/,05,1,/,/, ,  ,01,/////,               ,
40,1,86,04,01,0,12,50,/,01,/,1,/,01,0,/,/, ,  ,01,/////,               ,
07,1,86,04,02,1,10,43,/,04,8,5,0,01,1,4,2, ,17,07,/////,               ,
04,1,86,04,02,0,11,12,/,00,7,7,2,01,1,4,2, ,  ,08,/////,               ,
04,1,86,04,02,0,11,12,/,26,7,7,2,03,1,0,2, ,  ,08,/////,               ,kE
04,1,86,04,02,0,11,15,/,26,7,7,2,07,2,4,2, ,  ,08,/////,               ,kE
38,1,86,04,02,0,11,50,/,25,7,5,5,01,2,1,2, ,15,08,/////,               ,
02,1,86,04,02,0,12,30,/,39,1,5,5,01,1,1,1, ,  ,08,/////,               ,
02,1,86,04,02,0,12,30,/,39,1,5,5,03,1,1,2, ,  ,08,/////,               ,
33,1,86,04,02,2,13,20,/,31,8,5,5,01,3,3,1, ,18,08,/////,               ,
33,1,86,04,02,2,13,20,/,31,8,5,5,07,1,0,1, ,18,08,/////,               ,
07,1,86,04,02,1,13,37,/,21,8,5,5,01,1,4,1, ,11,07,/////,               ,
09,1,86,04,02,0,14,15,/,14,6,1,5,01,2,1,1, ,  ,08,/////,               ,
09,1,86,04,02,0,14,15,/,02,6,1,5,03,2,1,2, ,13,08,/////,               ,
09,1,86,04,02,0,14,25,/,00,6,1,5,02,1,0,2, ,13,08,/////,               ,
34,1,86,04,02,2,14,25,/,17,8,3,5,01,1,1,1, ,12,07,/////,               ,
34,1,86,04,02,2,14,25,/,15,8,3,5,07,1,0,1, ,12,07,/////,               ,
38,1,86,04,02,0,15,00,/,03,7,5,5,05,1,0,/, ,12,08,/////,               ,
09,1,86,04,02,0,15,30,/,03,8,3,5,05,2,1,1, ,12,08,/////,               ,
34,1,86,04,02,2,15,50,/,08,8,3,5,04,1,1,1, ,11,07,/////,               ,
09,1,86,04,02,0,16,20,/,01,8,3,5,11,1,1,1, ,11,08,/////,               ,
16,1,86,04,02,0,16,40,/,03,7,3,7,01,1,0,1, ,  ,08,/////,               ,
07,1,86,04,02,0,16,44,/,02,8,5,5,12,0,1,1, ,07,07,/////,               ,
17,1,86,04,02,0,17,15,/,02,8,3,0,01,1,1,1, ,  ,08,/////,               ,
10,1,86,04,02,0,17,20,/,05,8,3,8,01,1,1,1, ,  ,04,/////,               ,
10,1,86,04,02,0,17,20,/,05,8,3,8,03,2,1,1, ,  ,04,/////,               ,
10,1,86,04,02,0,17,20,/,05,8,3,8,05,1,1,1, ,  ,04,/////,               ,
11,1,86,04,03,0,//,//,/,//,/,/,/,01,/,/,/, ,  ,21,/////,               ,
11,1,86,04,03,0,//,//,/,//,/,/,/,02,/,/,/, ,  ,21,/////,               ,
10,1,86,04,03,0,12,00,/,04,8,/,7,01,0,0,1, ,01,04,/////,               ,
40,1,86,04,03,0,13,40,/,13,/,1,/,01,0,/,/, ,  ,01,/////,               ,
09,1,86,04,05,0,09,00,/,01,4,1,5,01,1,0,1, ,  ,08,/////,               ,
38,1,86,04,05,0,09,00,/,01,8,1,/,01,1,0,1, ,  ,08,/////,               ,
38,1,86,04,05,0,09,00,/,01,8,1,/,05,1,1,1, ,  ,08,/////,               ,
33,1,86,04,05,2,09,55,/,//,2,5,1,01,0,4,1, ,  ,08,/////,               ,
02,1,86,04,05,0,15,15,/,03,3,5,2,01,0,1,1, ,  ,08,/////,               ,
02,1,86,04,05,0,15,15,/,03,3,5,2,13,1,0,1, ,  ,08,/////,               ,
33,1,86,04,05,2,16,00,/,15,8,3,5,04,1,4,2, ,15,08,/////,               ,
33,1,86,04,05,2,16,00,/,06,8,3,5,11,0,1,1, ,15,08,/////,               ,
33,1,86,04,06,2,17,35,/,01,8,1,7,01,0,4,1, ,  ,08,/////,               ,kE
09,1,86,04,07,0,10,20,/,01,4,3,7,01,1,1,1, ,12,08,/////,               ,
02,1,86,04,07,0,17,00,/,05,3,5,0,01,1,1,1, ,  ,08,/////,               ,
11,1,86,04,08,0,//,//,/,//,/,/,/,01,/,/,/, ,  ,21,/////,               ,
11,1,86,04,09,0,//,//,/,//,/,/,/,07,/,/,/, ,  ,21,/////,               ,
04,1,86,04,11,0,17,00,/,01,1,4,9,11,2,1,2, ,00,08,/////,               ,
07,1,86,04,11,0,17,17,/,01,8,3,2,01,1,0,1, ,02,07,/////,               ,
07,1,86,04,11,0,17,17,/,01,8,3,2,04,0,4,1, ,02,07,/////,               ,
07,1,86,04,11,0,17,17,/,01,8,3,2,11,0,1,1, ,02,07,/////,               ,
02,1,86,04,11,0,18,00,/,04,2,5,6,08,2,0,2, ,02,08,815//,               ,
38,1,86,04,12,0,18,45,/,01,/,/,5,08,2,/,/, ,  ,08,801//,               ,
11,1,86,04,13,0,//,//,/,//,/,/,/,08,/,/,/, ,  ,21,8////,               ,
11,1,86,04,14,0,//,//,/,//,/,/,/,01,/,/,/, ,  ,21,/////,               ,
34,1,86,04,14,2,06,25,/,02,8,7,2,09,2,4,1, ,16,07,8//02,               ,
33,1,86,04,14,2,07,10,/,21,8,5,5,01,1,1,1, ,  ,08,/////,               ,*
10,1,86,04,14,0,07,45,/,54,8,7,7,01,3,1,2, ,17,04,/////,               ,*
10,1,86,04,14,0,07,45,/,18,8,5,0,02,2,1,2, ,17,04,/////,               ,*
07,1,86,04,14,1,07,46,/,14,8,5,0,01,2,4,1, ,  ,07,/////,               ,
02,1,86,04,14,0,08,00,/,05,2,5,0,01,2,1,1, ,  ,08,/////,               ,
02,1,86,04,14,0,08,00,/,05,2,5,0,05,3,1,2, ,  ,08,/////,               ,
02,1,86,04,14,0,08,00,/,05,2,5,0,12,0,1,1, ,  ,08,/////,               ,
04,1,86,04,14,1,08,05,/,16,8,3,0,01,2,4,2, ,  ,08,/////,               ,
04,1,86,04,14,1,08,05,/,04,8,3,0,12,1,1,1, ,  ,08,/////,               ,
04,1,86,04,14,1,08,10,/,01,8,3,0,03,1,0,2, ,  ,08,/////,               ,
04,1,86,04,14,1,08,10,/,16,6,3,0,05,2,1,2, ,  ,08,/////,               ,
33,1,86,04,14,2,08,20,/,08,8,5,0,04,1,1,2, ,  ,08,/////,               ,*
33,1,86,04,14,2,08,20,/,14,8,5,0,07,3,4,1, ,  ,08,/////,               ,*
33,1,86,04,14,2,08,20,/,07,8,5,0,51,2,0,/, ,  ,08,/////,               ,*
38,1,86,04,14,0,08,25,/,08,8,4,0,05,2,1,1, ,  ,08,/////,               ,
09,1,86,04,14,0,08,45,/,15,4,5,0,01,1,1,1,1,07,08,/////,               ,
09,1,86,04,14,0,08,45,/,04,4,5,0,03,0,0,1,1,07,08,/////,               ,
09,1,86,04,14,0,08,45,/,04,4,5,0,05,3,1,1,1,07,08,/////,               ,
09,1,86,04,14,0,08,45,/,04,4,5,0,07,3,1,1,1,07,08,/////,               ,
38,1,86,04,14,0,08,50,/,15,8,4,0,01,3,1,2, ,  ,08,/////,               ,
38,1,86,04,14,0,08,50,/,06,8,4,0,02,2,1,2, ,  ,08,/////,               ,
38,1,86,04,14,0,08,50,/,05,8,4,0,07,3,1,1, ,  ,08,/////,               ,
33,1,86,04,14,2,09,00,/,01,8,5,0,12,0,1,1, ,  ,08,/////,               ,*
33,1,86,04,14,2,09,00,/,02,8,5,0,13,1,1,1, ,  ,08,/////,               ,*
38,1,86,04,14,0,09,10,/,04,8,4,0,03,2,1,2, ,  ,08,/////,               ,
09,1,86,04,14,0,09,15,/,02,4,5,0,02,2,1,2,1,07,08,/////,               ,
38,1,86,04,14,0,09,25,/,02,8,4,0,13,3,0,1, ,  ,08,/////,               ,
10,1,86,04,14,0,09,45,/,05,8,5,0,03,1,0,1, ,15,04,/////,               ,*
10,1,86,04,14,0,09,45,/,42,8,7,7,07,3,1,2, ,15,04,/////,               ,*
10,1,86,04,14,0,09,45,/,15,8,5,5,13,2,0,2, ,  ,04,/////,               ,*
10,1,86,04,14,0,10,20,/,01,8,5,0,17,1,0,2, ,14,04,/////,               ,*
16,1,86,04,14,0,12,10,/,02,8,3,5,01,2,1,2, ,  ,08,/////,               ,
04,1,86,04,14,0,13,02,/,01,8,3,5,01,1,4,1, ,  ,08,/////,               ,
40,1,86,04,14,0,13,40,/,11,/,3,/,01,2,/,/, ,  ,01,/////,               ,
40,1,86,04,14,0,13,40,/,11,/,3,/,05,1,/,/, ,  ,01,/////,               ,
40,1,86,04,14,0,14,30,/,06,/,3,/,04,0,/,/, ,  ,01,/////,               ,
02,1,86,04,14,0,18,30,/,02,1,5,8,10,2,0,2, ,  ,08,81205,               ,
34,2,86,04,14,2,21,10,/,00,6,0,8,01,0,0,1, ,01,07,/////,               ,
02,1,86,04,15,0,06,45,/,05,1,5,2,01,1,1,1, ,  ,08,/////,               ,
02,1,86,04,15,0,06,45,/,05,1,5,2,08,1,0,2, ,  ,08,820//,               ,
09,1,86,04,15,0,07,00,/,02,6,3,5,01,2,1,1, ,  ,08,/////,               ,
10,1,86,04,15,0,07,00,/,03,8,3,2,01,1,1,1, ,  ,04,/////,               ,kE
10,1,86,04,15,0,07,00,/,03,8,3,2,05,2,1,2, ,  ,04,/////,               ,kE
10,1,86,04,15,0,07,10,/,01,8,3,2,11,1,1,2, ,  ,04,/////,               ,kE
10,1,86,04,15,0,07,10,/,01,8,3,2,12,1,1,1, ,  ,04,/////,               ,kE
10,1,86,04,15,0,07,20,/,01,8,3,2,04,1,1,1, ,  ,04,/////,               ,kE
04,1,86,04,15,1,07,30,/,00,8,5,9,01,1,0,1, ,  ,08,/////,               ,
04,1,86,04,15,0,15,15,/,20,8,3,5,01,3,1,2, ,  ,08,/////,               ,*
04,1,86,04,15,0,15,15,/,13,8,3,5,05,2,4,1, ,  ,08,/////,               ,*
40,1,86,04,15,0,15,35,/,01,/,3,/,01,0,/,/, ,  ,01,/////,               ,
38,1,86,04,15,0,16,00,/,15,8,5,5,01,2,1,1, ,  ,08,/////,               ,
38,1,86,04,15,0,16,00,/,07,8,5,5,02,2,1,1, ,  ,08,/////,               ,
38,1,86,04,15,0,16,25,/,05,8,5,5,05,2,1,1, ,  ,08,/////,               ,
07,1,86,04,15,0,16,34,/,10,8,3,7,01,1,4,2, ,  ,07,/////,               ,
04,1,86,04,15,0,16,38,/,05,8,3,5,04,2,4,1, ,  ,08,/////,               ,*
40,1,86,04,15,0,16,40,/,00,/,3,/,02,0,/,/, ,  ,01,/////,               ,
34,1,86,04,15,2,16,45,/,03,8,3,5,01,1,3,1, ,08,07,/////,               ,
40,1,86,04,15,0,17,05,/,02,/,3,/,01,0,/,/, ,  ,01,/////,               ,
40,1,86,04,15,0,17,05,/,02,/,1,/,05,0,/,/, ,  ,01,/////,               ,
40,1,86,04,15,0,17,13,/,01,/,1,/,13,0,/,/, ,  ,01,/////,               ,
04,1,86,04,15,0,17,20,/,00,8,3,5,10,0,0,2, ,  ,08,81005,               ,*
04,1,86,04,15,0,17,20,/,00,8,3,5,11,1,1,1, ,  ,08,/////,               ,*
04,1,86,04,15,0,17,20,/,00,8,3,5,12,0,1,1, ,  ,08,/////,               ,*
09,1,86,04,15,0,17,22,/,01,6,3,2,09,1,0,2, ,  ,08,8//10,               ,
09,1,86,04,15,0,17,25,/,06,6,3,2,01,1,1,1, ,  ,08,/////,               ,
09,1,86,04,15,0,17,25,/,04,6,3,2,03,1,1,1, ,  ,08,/////,               ,
09,1,86,04,15,0,17,40,/,02,6,3,2,02,0,1,1, ,  ,08,/////,               ,
17,1,86,04,15,0,17,40,/,02,8,6,0,05,2,0,1, ,  ,08,/////,               ,
09,1,86,04,15,0,17,55,/,01,6,3,2,05,2,1,1, ,  ,08,/////,               ,
09,1,86,04,15,0,17,55,/,01,6,3,2,08,1,0,2, ,  ,08,815//,               ,
02,1,86,04,15,0,18,00,/,05,3,5,7,01,2,1,1, ,  ,08,/////,               ,
02,1,86,04,15,0,18,00,/,05,3,5,7,05,0,1,1, ,  ,08,/////,               ,
02,1,86,04,15,0,18,00,/,05,3,5,7,08,1,0,2, ,  ,08,812//,               ,
02,1,86,04,15,0,18,00,/,05,3,5,7,12,0,1,1, ,  ,08,/////,               ,
10,1,86,04,15,0,18,15,/,01,8,3,0,01,1,0,1, ,  ,04,/////,               ,
09,2,86,04,15,0,20,30,/,06,8,3,0,01,1,0,2, ,  ,08,/////,               ,
38,2,86,04,15,0,20,30,/,02,8,3,0,01,2,0,2, ,  ,08,/////,               ,
33,2,86,04,15,2,20,40,/,//,/,3,0,01,0,0,1, ,  ,08,/////,               ,
34,2,86,04,15,0,20,45,/,00,/,3,0,01,0,0,1, ,  ,08,/////,               ,
10,2,86,04,15,0,21,30,/,06,8,3,0,01,2,0,2, ,  ,04,/////,               ,
10,2,86,04,15,0,21,30,/,06,8,3,0,05,2,0,2, ,  ,04,/////,               ,
11,1,86,04,16,0,//,//,/,//,/,/,/,01,/,/,/, ,  ,21,/////,               ,
11,1,86,04,16,0,//,//,/,//,/,/,/,02,/,/,/, ,  ,21,/////,               ,
11,1,86,04,16,0,//,//,/,//,/,/,/,05,/,/,/, ,  ,21,/////,               ,
33,1,86,04,16,2,05,50,0,01,6,1,0,03,0,4,1, ,12,08,/////,               ,
02,1,86,04,16,0,07,30,/,03,1,5,7,01,0,1,1, ,  ,08,/////,               ,
34,1,86,04,16,2,07,55,/,13,6,1,5,01,2,3,1, ,06,07,/////,               ,
10,1,86,04,16,0,08,30,/,06,6,3,0,01,1,1,2, ,  ,04,/////,               ,
10,1,86,04,16,0,09,05,/,02,6,3,0,07,1,1,1, ,  ,04,/////,               ,
40,1,86,04,16,0,10,30,/,14,/,1,/,01,1,/,/, ,  ,01,/////,               ,
38,1,86,04,16,0,14,37,/,01,8,5,5,01,1,1,1, ,  ,08,/////,               ,
07,1,86,04,16,0,16,15,/,01,8,7,2,01,1,4,1, ,  ,07,/////,               ,
07,1,86,04,16,0,16,15,/,01,8,7,3,11,1,1,1, ,  ,07,/////,               ,
10,2,86,04,17,0,00,00,/,01,8,3,/,01,2,0,2, ,  ,04,/////,               ,
10,2,86,04,17,0,00,00,/,01,8,3,/,05,1,0,1, ,  ,04,/////,               ,
10,1,86,04,17,0,06,15,/,02,8,3,2,01,1,0,1, ,  ,04,/////,               ,
10,1,86,04,17,0,06,15,/,02,8,3,2,05,1,0,1, ,  ,04,/////,               ,
10,1,86,04,17,0,06,20,/,00,8,3,2,10,1,0,2, ,  ,04,80202,               ,
07,1,86,04,17,1,07,23,/,03,8,5,0,01,1,4,2, ,05,07,/////,               ,
33,1,86,04,17,2,07,40,/,15,5,5,2,01,0,4,1, ,08,08,/////,               ,
02,1,86,04,17,0,08,30,/,02,1,5,5,01,0,1,1, ,06,08,/////,               ,
38,1,86,04,17,0,08,35,/,01,8,3,8,01,1,0,1, ,06,08,/////,               ,
04,1,86,04,17,0,11,40,/,00,1,3,6,01,1,1,1, ,03,08,/////,               ,
40,1,86,04,17,0,14,10,/,01,/,1,/,01,1,/,/, ,  ,01,/////,               ,
07,1,86,04,17,0,16,46,/,01,8,7,2,05,1,4,1, ,04,07,/////,               ,
07,1,86,04,17,1,16,48,/,01,8,7,2,11,0,1,1, ,04,07,/////,               ,
02,1,86,04,17,0,17,00,/,01,1,5,5,03,2,1,2, ,  ,08,/////,               ,
09,1,86,04,17,0,18,00,/,01,/,1,5,09,3,0,2, ,  ,08,8//02,               ,
33,1,86,04,17,2,18,05,/,02,1,1,2,03,1,4,/, ,  ,08,/////,               ,
11,1,86,04,18,0,//,//,/,//,/,/,/,01,/,/,/, ,  ,21,/////,               ,
10,1,86,04,18,0,06,10,/,00,8,3,2,01,1,0,1, ,  ,04,/////,               ,
09,1,86,04,18,0,07,10,/,01,6,3,2,05,1,1,1, ,  ,08,/////,               ,
38,1,86,04,18,0,07,10,/,01,6,5,0,05,1,1,1, ,  ,08,/////,               ,
04,1,86,04,18,0,08,04,/,30,8,7,9,01,1,4,1, ,05,08,/////,               ,
38,1,86,04,18,0,08,30,/,02,8,5,8,01,2,1,1, ,  ,08,/////,               ,
09,1,86,04,18,0,08,40,/,26,8,3,2,01,2,1,2, ,  ,08,/////,               ,
33,1,86,04,18,2,10,10,/,23,7,5,5,01,1,1,2, ,09,08,/////,               ,
07,1,86,04,18,1,10,43,/,04,8,5,2,01,1,4,1, ,03,07,/////,               ,kE
16,1,86,04,18,0,11,30,/,01,/,/,/,01,1,0,1, ,  ,08,/////,               ,
02,1,86,04,18,0,15,00,/,04,3,5,5,01,1,1,1, ,  ,08,/////,               ,
34,1,86,04,18,2,18,07,/,02,8,4,2,03,2,3,2, ,04,07,/////,               ,
34,2,86,04,18,2,20,15,/,05,8,7,0,01,2,0,2, ,01,07,/////,               ,
34,2,86,04,18,2,23,15,/,01,6,6,2,01,0,0,1, ,00,07,/////,               ,
07,1,86,04,19,0,11,35,/,10,8,5,2,01,1,4,2, ,  ,07,/////,               ,kE
33,1,86,04,19,2,14,00,/,02,8,3,5,01,0,0,1, ,02,08,/////,               ,
38,1,86,04,19,0,15,25,/,00,8,3,1,01,0,0,1, ,01,08,/////,               ,
09,1,86,04,19,0,16,25,/,00,8,3,1,01,1,0,1, ,  ,08,/////,               ,
02,1,86,04,19,0,17,30,/,08,4,5,0,01,0,1,1, ,10,08,/////,               ,
02,1,86,04,19,0,17,30,/,08,4,5,0,10,1,0,2, ,  ,08,80804,               ,
04,1,86,04,19,0,17,40,/,02,8,3,5,01,0,0,1, ,  ,08,/////,               ,
04,1,86,04,19,0,17,40,/,02,8,3,5,05,1,4,2, ,  ,08,/////,               ,
04,1,86,04,19,0,17,40,/,02,8,3,5,10,1,3,1, ,  ,08,81001,               ,
34,1,86,04,20,2,06,20,/,02,2,2,2,09,2,3,1, ,01,07,8//02,               ,
07,1,86,04,20,0,16,00,/,11,8,5,2,01,1,4,1, ,  ,07,/////,               ,
07,1,86,04,20,0,16,00,/,01,8,5,2,02,0,1,1, ,  ,07,/////,               ,kE
07,1,86,04,20,0,16,36,/,00,8,5,2,11,0,1,1, ,  ,07,/////,               ,
07,1,86,04,20,0,17,05,/,02,8,5,2,02,1,1,2, ,  ,07,/////,               ,
07,1,86,04,20,0,17,11,/,14,8,5,2,05,2,4,1, ,  ,07,/////,               ,
04,1,86,04,20,0,17,21,/,01,2,1,2,01,1,4,1, ,  ,08,/////,               ,kE
04,1,86,04,20,0,17,27,/,00,3,1,2,02,1,0,1, ,  ,08,/////,               ,
07,1,86,04,20,0,17,30,/,01,8,5,2,03,1,1,2, ,  ,07,/////,               ,
02,1,86,04,20,0,17,45,/,04,2,5,5,01,1,1,1, ,  ,08,/////,               ,
02,1,86,04,20,0,17,45,/,04,2,5,5,05,1,1,2, ,  ,08,/////,               ,
02,1,86,04,20,0,17,45,/,04,2,5,5,08,1,0,2, ,  ,08,805//,               ,
38,1,86,04,20,0,18,05,/,05,8,5,5,05,2,1,1, ,  ,08,/////,               ,
09,1,86,04,20,0,18,15,/,03,6,5,2,08,1,0,2, ,07,08,820//,               ,schief!!!
09,1,86,04,20,0,18,15,/,02,6,5,2,09,1,0,2, ,07,08,8//02,               ,
09,1,86,04,20,0,18,27,/,01,6,5,2,01,3,1,1, ,07,08,/////,               ,
09,1,86,04,20,0,18,27,/,01,6,5,2,05,1,1,1, ,07,08,/////,               ,
38,1,86,04,20,0,18,55,/,03,8,5,5,01,1,1,1, ,09,08,/////,               ,
04,2,86,04,20,0,20,18,/,03,8,3,0,01,3,0,2, ,  ,08,/////,               ,
17,2,86,04,20,0,20,20,/,06,8,1,0,01,3,1,2, ,  ,08,/////,               ,
09,2,86,04,20,0,20,45,/,08,8,3,/,01,2,0,2, ,04,08,/////,               ,
38,2,86,04,20,0,21,00,/,06,8,3,0,01,2,0,2, ,06,08,/////,               ,
10,2,86,04,20,0,21,20,/,02,8,5,0,01,2,0,2, ,  ,04,/////,               ,
10,2,86,04,20,0,21,20,/,02,8,5,0,05,2,0,2, ,  ,04,/////,               ,
02,2,86,04,20,0,21,30,/,//,3,5,0,01,2,1,2, ,  ,08,/////,               ,
16,2,86,04,20,0,22,30,/,04,/,/,/,01,3,0,1, ,  ,08,/////,               ,
02,2,86,04,21,0,00,00,/,//,/,/,/,01,0,1,1, ,  ,08,/////,               ,
33,1,86,04,21,2,08,10,/,//,6,1,0,01,0,0,1, ,09,08,/////,               ,
04,1,86,04,21,1,09,50,/,10,8,4,3,01,2,1,1, ,23,08,/////,               ,
07,1,86,04,21,1,10,03,/,04,5,1,2,01,1,4,1, ,  ,07,/////,               ,
38,1,86,04,21,0,11,10,/,03,4,1,5,01,1,1,1, ,  ,08,/////,               ,
07,1,86,04,21,1,13,49,/,01,8,5,2,01,1,4,1, ,  ,07,/////,               ,
04,1,86,04,21,1,14,30,/,14,3,0,0,01,1,1,1, ,20,08,/////,               ,
10,1,86,04,21,0,16,05,/,11,8,7,9,01,2,1,1, ,03,04,/////,               ,
10,1,86,04,21,0,16,05,/,02,8,7,9,05,2,1,1, ,03,04,/////,               ,
33,1,86,04,21,2,16,15,/,02,2,1,8,01,0,4,1, ,01,08,/////,               ,
40,1,86,04,21,0,17,10,/,11,/,1,/,01,0,/,/, ,  ,01,/////,               ,
40,1,86,04,21,0,17,10,/,14,/,1,/,02,0,/,/, ,  ,01,/////,               ,
40,1,86,04,21,0,17,10,/,14,/,1,/,03,0,/,/, ,  ,01,/////,               ,
40,1,86,04,21,0,18,40,/,02,/,1,/,05,0,/,/, ,  ,01,/////,               ,
07,2,86,04,21,0,20,26,/,06,8,5,2,01,2,4,2, ,  ,07,/////,               ,kE
09,2,86,04,21,0,20,35,/,01,/,3,8,01,2,0,1, ,14,08,/////,               ,Aureole und Kranz
02,2,86,04,21,0,21,45,/,//,/,/,/,01,1,1,2, ,  ,08,/////,               ,
02,2,86,04,21,0,21,45,/,//,/,/,/,05,2,1,1, ,  ,08,/////,               ,
11,1,86,04,22,0,//,//,/,//,/,/,/,01,/,/,/, ,  ,21,/////,               ,
11,1,86,04,22,0,//,//,/,//,/,/,/,02,/,/,/, ,  ,21,/////,               ,
11,1,86,04,22,0,//,//,/,//,/,/,/,05,/,/,/, ,  ,21,/////,               ,
02,2,86,04,22,0,00,00,/,//,/,/,/,01,1,1,1, ,15,08,/////,               ,
40,1,86,04,22,0,08,50,/,08,/,3,/,01,0,/,/, ,  ,01,/////,               ,
34,1,86,04,23,2,11,55,/,01,8,3,5,01,1,3,2, ,10,07,/////,               ,
02,1,86,04,23,0,18,15,/,02,1,4,5,08,0,0,2, ,  ,08,803//,               ,
09,1,86,04,23,0,18,25,/,01,1,1,8,08,1,0,2, ,22,08,804//,               ,
02,2,86,04,23,0,21,00,/,//,/,/,/,01,0,0,1, ,  ,08,/////,               ,
07,1,86,04,24,1,13,13,/,05,8,7,0,01,1,4,1, ,20,07,/////,               ,
33,1,86,04,24,2,14,35,/,09,7,5,0,01,1,0,1, ,03,08,/////,               ,
33,1,86,04,24,2,14,35,/,05,7,5,0,07,0,0,1, ,03,08,/////,               ,
10,1,86,04,24,1,16,35,/,01,6,3,2,01,2,1,1, ,  ,04,/////,               ,Berlin
10,1,86,04,24,1,16,35,/,01,6,3,2,05,2,1,1, ,  ,04,/////,               ,Berlin
02,1,86,04,24,0,18,15,/,03,2,5,4,08,1,0,2, ,  ,08,807//,               ,
33,1,86,04,25,2,06,20,/,00,7,3,8,04,0,4,1, ,  ,08,/////,               ,
11,1,86,04,26,0,//,//,/,//,/,/,/,01,/,/,/, ,  ,21,/////,               ,
11,1,86,04,26,0,//,//,/,//,/,/,/,02,/,/,/, ,  ,21,/////,               ,
38,1,86,04,26,1,11,35,/,18,8,5,/,01,2,1,2, ,14,08,/////,               ,Drebach
38,1,86,04,26,1,11,35,/,09,8,5,/,07,2,1,1, ,14,08,/////,               ,Drebach
38,1,86,04,26,1,12,40,/,01,8,5,/,06,2,1,1, ,13,08,/////,               ,Drebach
02,1,86,04,26,0,13,00,/,05,5,5,0,01,2,1,1, ,02,08,/////,               ,
02,1,86,04,26,0,13,00,/,05,5,5,0,07,2,1,2, ,  ,08,/////,               ,
07,1,86,04,27,0,12,37,/,01,8,7,2,01,1,4,1, ,06,07,/////,               ,
16,1,86,04,27,0,13,30,/,11,/,/,5,01,2,1,1, ,  ,08,/////,               ,
09,1,86,04,27,0,15,45,/,01,8,1,5,01,1,1,1, ,19,08,/////,               ,
17,1,86,04,27,0,16,25,/,04,8,3,0,01,1,3,1, ,  ,08,/////,               ,
33,1,86,04,27,2,18,10,/,00,6,1,8,01,0,4,1, ,  ,08,/////,               ,
33,1,86,04,27,2,18,10,/,00,6,1,8,02,0,4,1, ,  ,08,/////,               ,
10,1,86,04,28,0,09,15,/,01,8,3,2,01,1,1,1, ,  ,04,/////,               ,
40,1,86,04,28,0,15,47,/,05,/,1,/,01,1,/,/, ,  ,01,/////,               ,
02,1,86,04,28,0,18,45,/,02,1,5,2,01,0,1,1, ,  ,08,/////,               ,
09,1,86,04,28,0,18,45,/,01,2,1,5,08,2,0,2, ,  ,08,808//,               ,
10,1,86,04,29,0,09,25,/,42,8,5,0,01,2,1,1, ,  ,04,/////,               ,
10,1,86,04,29,0,14,50,/,01,8,5,0,02,1,1,1, ,  ,04,/////,               ,
10,1,86,04,29,0,17,05,/,01,8,3,0,03,2,0,1, ,  ,04,/////,               ,
07,1,86,04,30,1,10,57,/,01,7,5,0,01,1,4,1, ,  ,07,/////,               ,
06,1,86,05,01,1,05,00,/,36,8,3,0,01,2,1,1, ,  ,04,/////,               ,Berlin
06,1,86,05,01,1,05,00,/,36,8,3,0,04,3,1,2, ,  ,04,/////,               ,Berlin
10,1,86,05,01,0,06,30,/,06,2,1,0,04,2,1,2, ,  ,04,/////,               ,Schweif
40,1,86,05,01,0,12,30,/,10,/,1,/,01,0,/,/, ,  ,01,/////,               ,
40,1,86,05,01,0,12,30,/,10,/,1,/,11,0,/,/, ,  ,01,/////,               ,
11,1,86,05,02,0,//,//,/,//,/,/,/,03,/,/,/, ,  ,21,/////,               ,
17,1,86,05,03,0,05,55,/,02,1,1,0,05,2,4,2, ,  ,08,/////,               ,
07,1,86,05,04,1,08,15,/,00,6,1,5,01,1,4,1, ,14,08,/////,               ,
06,1,86,05,04,0,13,05,/,01,3,1,5,01,0,0,1, ,  ,04,/////,               ,
10,1,86,05,05,0,05,40,/,04,1,1,0,01,0,0,1, ,  ,04,/////,               ,
17,1,86,05,05,1,05,40,/,06,8,1,0,04,3,1,2, ,  ,08,/////,               ,
10,1,86,05,05,0,06,00,/,02,1,1,0,03,1,0,2, ,  ,04,/////,               ,
10,1,86,05,05,0,06,00,/,02,1,1,0,11,1,1,1, ,  ,04,/////,               ,
40,1,86,05,05,0,07,20,/,02,/,1,/,02,0,/,/, ,  ,01,/////,               ,
09,1,86,05,05,0,08,30,/,12,6,1,0,01,1,1,1, ,  ,08,/////,               ,
33,1,86,05,05,2,08,45,/,41,5,1,8,01,0,4,1, ,  ,08,/////,               ,
33,1,86,05,05,2,08,45,/,00,4,1,0,03,0,0,2, ,  ,08,/////,               ,
38,1,86,05,05,0,10,00,/,21,8,1,0,01,2,1,2, ,  ,08,/////,               ,
40,1,86,05,05,0,10,45,/,31,/,1,/,01,0,/,/, ,  ,01,/////,               ,
02,1,86,05,05,0,11,00,/,04,1,5,0,01,1,1,1, ,06,08,/////,               ,
07,1,86,05,05,1,11,13,/,30,8,5,5,01,1,4,2, ,05,07,/////,               ,
06,1,86,05,05,0,13,30,/,31,4,1,0,01,1,0,1, ,  ,04,/////,               ,
10,1,86,05,05,0,14,00,/,24,4,3,0,01,2,1,1, ,  ,04,/////,               ,
40,1,86,05,06,0,09,40,/,10,/,1,/,01,1,/,/, ,  ,01,/////,               ,
06,1,86,05,06,0,19,10,/,01,1,1,0,08,1,4,2, ,  ,04,804//,               ,kE
38,1,86,05,07,0,05,30,/,02,6,1,5,01,1,0,1, ,09,08,/////,               ,Gewitter
02,1,86,05,07,0,09,00,/,03,1,5,0,01,1,1,1, ,07,08,/////,               ,
38,1,86,05,07,0,09,40,/,06,7,5,/,01,2,1,1, ,05,08,/////,               ,Gewitter
09,1,86,05,07,0,17,15,/,04,4,1,7,01,1,0,1, ,12,08,/////,               ,
09,1,86,05,07,0,17,15,/,02,4,1,7,02,1,1,1, ,12,08,/////,               ,
09,1,86,05,07,0,17,15,/,02,4,1,7,05,2,1,1, ,12,08,/////,               ,
07,1,86,05,08,1,12,40,/,00,8,5,2,01,0,4,1, ,  ,07,/////,               ,
33,1,86,05,08,2,15,20,/,00,/,1,8,01,0,4,1, ,05,08,/////,               ,
02,1,86,05,08,0,16,30,/,02,1,5,9,01,1,1,1, ,18,08,/////,               ,
10,1,86,05,08,0,18,40,/,02,3,5,6,09,1,3,2, ,  ,04,8//03,               ,
17,1,86,05,09,1,05,40,/,06,5,1,7,12,1,1,2, ,  ,08,/////,               ,
07,1,86,05,09,0,13,56,/,09,8,5,2,01,1,4,1, ,01,07,/////,               ,
07,1,86,05,09,0,16,54,/,05,8,5,2,11,1,1,1, ,01,07,/////,               ,
07,1,86,05,09,0,17,03,/,08,8,5,2,03,1,1,1, ,01,07,/////,               ,
07,1,86,05,09,0,17,24,/,01,8,5,2,02,0,4,1, ,  ,07,/////,               ,
02,1,86,05,09,0,17,30,/,02,1,5,4,02,0,1,1, ,  ,08,/////,               ,
02,1,86,05,09,0,17,45,/,02,1,5,4,03,3,1,2, ,01,08,/////,               ,
38,1,86,05,09,0,17,45,/,01,1,1,5,02,2,1,1, ,04,08,/////,               ,
09,1,86,05,09,0,17,47,/,00,1,1,5,02,3,1,1, ,16,08,/////,               ,
09,1,86,05,09,0,18,15,/,04,2,1,0,01,1,0,1, ,16,08,/////,               ,
09,1,86,05,09,0,18,15,/,01,2,1,0,03,3,1,1, ,16,08,/////,               ,
38,1,86,05,09,0,18,15,/,03,2,1,0,01,2,1,1, ,04,08,/////,               ,
38,1,86,05,09,0,18,15,/,01,2,1,0,03,2,1,1, ,04,08,/////,               ,
02,1,86,05,09,0,18,30,/,02,1,5,4,01,1,1,1, ,  ,08,/////,               ,
07,1,86,05,10,0,06,38,/,03,8,5,4,01,0,4,1, ,01,07,/////,               ,kE
10,1,86,05,10,1,07,20,/,01,/,/,7,01,0,1,1, ,  ,08,/////,               ,Crimmitschau
07,1,86,05,11,0,10,41,/,00,8,7,2,01,1,4,1, ,  ,07,/////,               ,
38,1,86,05,11,0,11,45,/,05,8,1,5,01,2,1,2, ,04,08,/////,               ,Gewitter
06,1,86,05,11,0,12,35,/,01,1,1,0,01,/,/,/, ,  ,04,/////,               ,
07,1,86,05,11,0,12,40,/,02,8,7,2,01,1,4,2, ,  ,07,/////,               ,
06,1,86,05,11,0,13,15,/,03,3,3,8,01,/,/,/, ,  ,04,/////,               ,
33,1,86,05,11,0,13,15,/,09,8,3,5,01,1,1,1, ,  ,08,/////,               ,
02,1,86,05,11,0,14,00,/,06,4,5,5,01,3,1,2, ,05,08,/////,               ,
09,1,86,05,11,0,14,10,/,10,8,5,5,01,2,1,1, ,01,08,/////,               ,Gewitter
38,1,86,05,12,0,05,45,/,02,4,1,0,01,1,0,1,1,  ,08,/////,               ,
06,1,86,05,12,0,06,15,/,15,5,3,8,01,1,/,/, ,  ,04,/////,               ,
10,1,86,05,12,0,06,40,/,02,4,5,2,01,0,1,1, ,  ,04,/////,               ,
06,1,86,05,12,0,10,00,/,01,1,1,5,01,1,/,/, ,  ,04,/////,               ,
04,1,86,05,12,0,11,10,/,04,8,7,9,01,1,1,1, ,  ,08,/////,               ,
04,1,86,05,12,0,11,10,/,04,8,7,9,07,1,1,1, ,  ,08,/////,               ,
33,1,86,05,12,0,11,50,/,13,6,5,5,01,2,1,1, ,  ,08,/////,               ,
02,1,86,05,12,0,12,00,/,07,3,5,5,01,3,1,1, ,  ,08,/////,               ,
09,1,86,05,12,0,12,30,/,13,4,5,9,01,2,1,1, ,  ,08,/////,               ,
38,1,86,05,12,0,14,00,/,03,8,5,5,01,1,0,2, ,  ,08,/////,               ,
04,1,86,05,12,0,15,05,/,00,8,7,9,01,1,1,1, ,  ,08,/////,               ,
04,1,86,05,12,0,15,05,/,00,8,7,9,07,1,1,1, ,  ,08,/////,               ,
07,1,86,05,12,1,15,17,/,01,8,5,2,01,1,4,1, ,  ,07,/////,               ,
07,1,86,05,12,0,16,54,/,02,8,5,5,01,1,4,1, ,  ,07,/////,               ,
07,1,86,05,12,0,16,54,/,03,8,5,5,04,1,1,1, ,  ,07,/////,               ,
07,1,86,05,12,0,17,00,/,04,8,5,5,11,2,1,2, ,  ,07,/////,               ,
33,1,86,05,12,2,17,55,/,//,/,1,0,03,1,4,2, ,  ,08,/////,               ,
09,1,86,05,12,0,18,25,/,03,2,1,0,03,3,1,2, ,  ,08,/////,               ,
09,1,86,05,12,0,18,35,/,00,2,1,0,01,2,1,1, ,  ,08,/////,               ,
09,1,86,05,12,0,19,00,/,07,2,1,0,08,1,0,1, ,  ,08,810//,               ,
10,1,86,05,13,0,05,50,/,06,8,1,0,02,2,1,1, ,  ,04,/////,               ,
10,1,86,05,13,0,06,20,/,02,8,1,0,03,2,1,1, ,  ,04,/////,               ,
10,1,86,05,13,0,06,30,/,02,8,1,0,01,1,1,1, ,  ,04,/////,               ,
33,1,86,05,13,0,10,15,/,21,6,1,5,01,1,4,2, ,  ,08,/////,               ,
38,1,86,05,13,0,10,40,/,12,8,1,0,01,2,1,2,2,05,08,/////,               ,
07,1,86,05,13,1,10,43,/,01,7,4,0,01,1,4,2, ,04,07,/////,               ,
02,1,86,05,13,0,11,50,/,05,2,5,5,01,1,1,1, ,04,08,/////,               ,
40,1,86,05,13,0,11,55,/,09,/,1,/,01,0,/,/, ,  ,01,/////,               ,
40,1,86,05,13,0,19,58,/,00,/,1,/,08,0,/,/, ,  ,01,804//,               ,
09,1,86,05,14,0,06,45,/,04,8,5,2,05,1,1,1, ,04,08,/////,               ,
38,1,86,05,14,0,07,15,/,04,6,5,0,05,2,1,1,2,05,08,/////,               ,
04,1,86,05,14,0,07,17,/,01,5,3,8,01,1,4,1, ,05,08,/////,               ,
04,1,86,05,14,0,07,17,/,02,5,3,8,05,2,4,1, ,05,08,/////,               ,
38,1,86,05,14,0,07,25,/,02,6,5,0,01,1,0,1,2,05,08,/////,               ,
02,1,86,05,14,0,17,00,/,03,1,5,6,01,0,1,1, ,01,08,/////,               ,
02,1,86,05,14,0,17,00,/,03,1,5,6,03,1,1,1, ,01,08,/////,               ,
07,1,86,05,14,0,17,32,/,04,8,7,8,04,1,1,1, ,  ,07,/////,               ,
07,1,86,05,14,0,17,34,/,00,8,7,8,11,0,1,1, ,  ,07,/////,               ,
07,1,86,05,14,0,17,38,/,04,8,7,8,01,1,4,1, ,  ,07,/////,               ,
33,1,86,05,14,2,18,15,/,01,8,5,8,01,0,4,1, ,  ,08,/////,               ,
33,1,86,05,14,2,18,30,/,00,8,5,8,05,0,4,1, ,  ,08,/////,               ,
38,1,86,05,15,0,06,03,/,01,5,1,/,11,2,1,1, ,  ,08,/////,               ,
38,1,86,05,15,0,07,05,/,07,7,1,/,01,2,1,1, ,  ,08,/////,               ,
38,1,86,05,15,0,07,25,/,02,7,1,/,03,1,1,1, ,  ,08,/////,               ,
02,1,86,05,15,0,09,00,/,02,1,5,5,01,0,1,1, ,  ,08,/////,               ,
09,1,86,05,15,0,14,30,/,03,4,1,9,05,3,1,2, ,  ,08,/////,               ,UH
09,1,86,05,15,0,15,10,/,00,4,1,9,01,2,1,1, ,  ,08,/////,               ,
09,1,86,05,16,0,04,25,/,04,8,1,8,08,2,0,2, ,  ,08,815//,               ,
09,1,86,05,16,0,04,27,/,09,8,1,8,05,3,1,1, ,  ,08,/////,               ,
40,1,86,05,16,0,04,27,/,01,/,1,/,13,1,/,/, ,  ,01,/////,               ,
10,1,86,05,16,0,04,45,/,01,2,1,0,08,1,0,2, ,  ,04,805//,               ,
09,1,86,05,16,0,04,50,/,06,8,1,8,01,1,1,1, ,  ,08,/////,               ,
33,1,86,05,16,2,05,00,/,//,2,1,0,03,0,4,1, ,  ,08,/////,               ,
07,1,86,05,16,1,05,07,/,03,8,1,7,03,1,1,1, ,  ,07,/////,               ,
38,1,86,05,16,0,05,15,/,02,6,1,8,01,1,1,1, ,  ,08,/////,               ,
38,1,86,05,16,0,05,15,/,04,6,1,8,05,2,1,1, ,  ,08,/////,               ,
07,1,86,05,16,1,05,19,/,01,8,1,7,02,1,4,1, ,  ,07,/////,               ,
38,1,86,05,16,0,05,30,/,02,6,1,8,03,2,1,2, ,  ,08,/////,               ,
06,1,86,05,16,0,06,00,/,//,/,/,/,08,3,4,2, ,  ,04,8////,               ,
07,1,86,05,16,1,06,16,/,14,8,1,0,01,1,4,2, ,  ,07,/////,               ,
07,1,86,05,16,1,06,16,/,08,8,1,0,04,2,1,2, ,  ,07,/////,               ,
33,1,86,05,16,2,06,55,/,05,4,1,0,03,1,1,2, ,  ,08,/////,               ,
07,1,86,05,16,1,15,05,/,07,8,7,5,01,1,4,1, ,  ,07,/////,               ,
07,1,86,05,16,1,15,05,/,00,8,7,5,04,0,1,1, ,  ,07,/////,               ,
33,1,86,05,16,2,16,25,/,01,4,1,0,01,0,4,1, ,  ,08,/////,               ,
33,1,86,05,16,2,16,25,/,04,4,1,0,02,1,1,2, ,  ,08,/////,               ,
09,1,86,05,16,0,16,30,/,05,6,1,8,01,1,1,1, ,  ,08,/////,               ,
09,1,86,05,16,0,16,37,/,01,6,1,8,03,1,0,1, ,  ,08,/////,               ,
09,1,86,05,16,0,17,05,/,00,6,1,8,02,2,1,1, ,  ,08,/////,               ,
38,1,86,05,16,0,17,10,/,02,8,5,5,01,1,1,1, ,  ,08,/////,               ,
38,1,86,05,16,0,17,10,/,01,8,5,5,02,2,1,1, ,  ,08,/////,               ,
38,1,86,05,16,0,17,20,/,01,8,5,5,05,2,1,1, ,  ,08,/////,               ,
38,1,86,05,16,0,17,20,/,01,8,5,5,12,1,1,1, ,  ,08,/////,               ,
02,1,86,05,16,0,17,30,/,01,2,5,8,01,0,1,1, ,  ,08,/////,               ,
02,1,86,05,16,0,17,30,/,01,2,5,8,03,0,1,1, ,  ,08,/////,               ,
07,1,86,05,16,1,18,04,/,03,8,7,8,01,1,4,1, ,  ,07,/////,               ,
09,1,86,05,16,0,18,30,/,03,6,1,5,01,2,1,1, ,  ,08,/////,               ,
09,1,86,05,16,0,18,30,/,03,6,1,5,03,2,1,2, ,  ,08,/////,               ,
09,1,86,05,16,0,18,30,/,03,6,1,5,05,2,1,2, ,  ,08,/////,               ,
09,1,86,05,16,0,18,30,/,03,6,1,5,08,1,0,2, ,  ,08,802//,               ,
09,1,86,05,16,0,18,30,/,03,6,1,5,09,1,0,2, ,  ,08,8//01,               ,
17,1,86,05,16,0,18,45,/,03,8,1,0,01,0,0,1, ,  ,08,/////,               ,
17,1,86,05,16,0,18,50,/,01,8,1,0,02,1,4,2, ,  ,08,/////,               ,
40,1,86,05,17,0,04,05,/,01,/,2,/,08,2,/,/, ,  ,01,802//,               ,
40,1,86,05,17,0,12,35,/,06,/,3,/,01,0,/,/, ,  ,01,/////,               ,
34,1,86,05,17,2,13,30,/,28,5,5,2,01,2,1,1, ,10,07,/////,               ,
40,1,86,05,17,0,16,34,/,01,/,3,/,06,1,/,/, ,  ,01,/////,               ,
40,1,86,05,17,0,16,34,/,01,/,3,/,13,1,/,/, ,  ,01,/////,               ,
40,1,86,05,17,0,16,35,/,04,/,3,/,02,2,/,/, ,  ,01,/////,               ,
40,1,86,05,17,0,16,35,/,03,/,3,/,03,2,/,/, ,  ,01,/////,               ,
07,1,86,05,17,0,16,58,/,07,8,7,6,01,1,4,1, ,  ,07,/////,               ,
09,1,86,05,17,1,17,05,/,03,3,1,0,03,2,1,1, ,  ,08,/////,               ,Jonsdorf
34,1,86,05,17,2,17,05,/,06,8,5,6,04,1,1,1, ,06,07,/////,               ,
38,1,86,05,17,1,17,05,/,03,3,1,0,03,2,1,1,1,//,08,/////,               ,Jonsdorf
06,1,86,05,17,1,17,10,/,08,6,5,0,04,3,1,2, ,11,01,/////,               ,
10,1,86,05,17,1,17,10,/,08,6,5,0,04,3,1,2, ,11,01,/////,               ,Altentreptow
33,1,86,05,17,2,17,15,/,10,/,1,0,04,0,1,1, ,  ,08,/////,               ,
33,1,86,05,17,2,17,15,/,12,/,1,0,05,0,4,1, ,  ,08,/////,               ,
07,1,86,05,17,0,17,31,/,01,8,7,6,11,1,1,1, ,  ,07,/////,               ,
17,1,86,05,17,1,17,33,/,01,8,1,0,11,3,1,1, ,  ,08,/////,               ,
06,1,86,05,17,1,17,40,/,05,6,5,0,01,2,1,1, ,11,01,/////,               ,
06,1,86,05,17,1,17,40,/,05,6,5,0,05,2,1,2, ,11,01,/////,               ,
10,1,86,05,17,1,17,40,/,05,6,5,0,04,2,1,1, ,11,01,/////,               ,Altentreptow
10,1,86,05,17,1,17,40,/,05,6,5,0,05,2,1,2, ,11,01,/////,               ,Altentreptow
02,1,86,05,17,0,17,45,/,04,2,5,8,08,1,0,2, ,  ,08,805//,               ,
33,1,86,05,17,2,17,45,/,09,/,1,0,11,0,4,1, ,  ,08,/////,               ,
34,1,86,05,17,2,17,45,/,03,8,5,6,11,1,1,1, ,05,07,/////,               ,
17,1,86,05,17,1,17,48,/,02,8,1,0,05,0,1,1, ,  ,08,/////,               ,
33,1,86,05,17,2,17,55,/,02,/,1,0,13,1,0,1, ,  ,08,/////,               ,
33,1,86,05,17,2,18,10,/,01,/,1,0,12,1,1,1, ,  ,08,/////,               ,
33,1,86,05,17,2,18,15,/,12,/,1,0,01,0,4,1, ,  ,08,/////,               ,
02,1,86,05,17,0,18,45,/,04,2,5,8,01,1,1,1, ,  ,08,/////,               ,
06,2,86,05,17,1,21,50,/,03,8,5,0,01,2,0,2, ,06,01,/////,               ,
06,2,86,05,17,1,21,50,/,03,8,5,0,05,1,0,1, ,06,01,/////,               ,
10,2,86,05,17,1,21,50,/,03,8,5,0,01,2,0,2, ,06,01,/////,               ,Groá Wokern
10,2,86,05,17,1,21,50,/,03,8,5,0,05,1,0,1, ,06,01,/////,               ,Groá Wokern
17,2,86,05,17,1,22,05,/,02,5,1,1,01,1,0,1, ,  ,08,/////,               ,
07,2,86,05,17,0,22,20,/,03,8,5,9,01,1,0,1, ,  ,07,/////,               ,
11,1,86,05,18,0,//,//,/,//,/,/,/,01,/,/,/, ,  ,21,/////,               ,
09,1,86,05,18,1,08,15,/,06,6,3,8,01,2,1,2, ,12,08,/////,               ,Oybin, Dauerregen
09,1,86,05,18,1,08,15,/,06,6,3,8,07,3,1,1, ,12,08,/////,               ,Oybin, Dauerregen
38,1,86,05,18,1,08,15,/,06,6,3,8,01,3,1,2,1,12,08,/////,               ,Oybin
38,1,86,05,18,1,08,15,/,06,6,3,8,07,3,1,1, ,12,08,/////,               ,Oybin
33,1,86,05,18,2,08,50,/,03,6,3,7,01,1,1,1, ,08,08,/////,               ,
40,1,86,05,18,0,09,48,/,02,/,3,/,01,0,/,/, ,  ,01,/////,               ,,
04,1,86,05,18,1,10,57,/,03,8,3,3,01,2,4,1, ,07,08,/////,               ,
02,1,86,05,18,0,11,00,/,13,2,5,5,01,2,1,2, ,  ,08,/////,               ,
33,1,86,05,18,2,12,20,/,02,5,1,8,01,2,1,1, ,05,08,/////,               ,
07,1,86,05,18,0,12,24,/,02,8,7,5,01,1,4,1, ,02,07,/////,               ,
33,1,86,05,18,2,12,45,/,02,6,3,8,14,1,4,1, ,01,08,/////,               ,
07,1,86,05,18,0,13,30,/,07,8,7,2,01,1,4,2, ,02,07,/////,               ,
38,1,86,05,18,1,13,50,/,16,8,5,8,01,2,1,2, ,05,08,/////,               ,Oybin
33,1,86,05,18,2,15,45,/,03,6,3,8,01,1,4,1, ,01,08,/////,               ,kE
33,1,86,05,18,2,15,45,/,02,6,3,8,02,1,1,2, ,01,08,/////,               ,
33,1,86,05,18,2,16,00,/,02,6,3,8,05,0,4,1, ,01,08,/////,               ,
04,1,86,05,18,1,16,11,/,01,8,3,3,02,2,4,2, ,02,08,/////,               ,
02,1,86,05,18,0,16,30,/,04,4,5,6,01,1,1,1, ,02,08,/////,               ,
02,1,86,05,18,0,16,30,/,04,4,5,6,04,2,1,2, ,02,08,/////,               ,
02,1,86,05,18,0,16,30,/,04,4,5,6,05,1,1,1, ,02,08,/////,               ,
02,1,86,05,18,0,16,30,/,04,4,5,6,11,2,1,2, ,02,08,/////,               ,
02,1,86,05,18,0,16,30,/,04,4,5,6,12,1,1,1, ,02,08,/////,               ,
17,1,86,05,18,1,16,50,/,07,7,1,1,01,1,1,1, ,  ,08,/////,               ,
09,1,86,05,18,1,17,44,/,00,4,1,8,11,1,1,1, ,02,08,/////,               ,Oybin, 3', Dauerregen
38,1,86,05,18,1,17,44,/,00,4,1,8,11,1,1,1, ,02,08,/////,               ,Oybin
33,1,86,05,19,2,13,35,/,02,/,1,5,01,1,1,/, ,  ,08,/////,               ,
33,1,86,05,19,2,15,45,/,18,8,5,8,01,1,1,1, ,  ,08,/////,               ,
33,1,86,05,19,2,15,50,/,18,8,5,8,04,2,1,1, ,  ,08,/////,               ,
33,1,86,05,19,2,15,55,/,06,8,5,8,13,0,0,1, ,  ,08,/////,               ,
33,1,86,05,19,2,15,55,/,00,8,5,8,27,1,1,1, ,  ,08,/////,               ,
02,1,86,05,19,0,16,30,/,03,2,5,8,01,1,1,1, ,08,08,/////,               ,
33,1,86,05,19,2,16,50,/,04,8,5,8,11,1,1,2, ,  ,08,/////,               ,
06,1,86,05,19,1,17,00,/,09,8,3,0,01,1,1,2, ,  ,04,/////,               ,*
06,1,86,05,19,1,17,00,/,09,8,3,0,02,2,1,2, ,  ,04,/////,               ,*
06,1,86,05,19,1,17,00,/,09,8,3,0,03,1,1,2, ,  ,04,/////,               ,*
06,1,86,05,19,1,17,00,/,09,8,3,0,05,1,1,1, ,  ,04,/////,               ,*
06,1,86,05,19,1,17,00,/,09,8,3,0,06,0,1,1, ,  ,04,/////,               ,*
06,1,86,05,19,1,17,00,/,09,8,3,0,11,1,1,2, ,  ,04,/////,               ,*
06,1,86,05,19,1,17,00,/,09,8,3,0,12,1,1,1, ,  ,04,/////,               ,*
06,1,86,05,19,1,17,00,/,09,8,3,0,27,1,1,2, ,  ,04,/////,               ,*
09,1,86,05,19,1,17,45,/,01,8,3,5,01,1,0,1, ,  ,08,/////,               ,Autobahn
09,1,86,05,19,1,17,45,/,01,8,3,5,05,2,1,1, ,10,08,/////,               ,Autobahn
09,1,86,05,19,1,17,45,/,01,8,3,5,11,2,1,1, ,10,08,/////,               ,Autobahn
38,1,86,05,19,1,17,45,/,01,8,3,5,01,1,0,1, ,07,08,/////,               ,bei Freiberg
38,1,86,05,19,1,17,45,/,01,8,3,5,05,2,1,1, ,07,08,/////,               ,bei Freiberg
38,1,86,05,19,1,17,45,/,01,8,3,5,11,2,1,1, ,07,08,/////,               ,bei Freiberg
10,1,86,05,19,0,18,25,/,01,6,1,0,01,1,0,1, ,  ,04,/////,               ,
10,1,86,05,19,0,18,25,/,01,6,1,0,04,2,1,2, ,  ,04,/////,               ,
10,1,86,05,19,0,18,25,/,01,6,1,0,08,1,0,2, ,  ,04,802//,               ,
40,1,86,05,19,0,19,15,/,02,/,3,/,08,0,/,/, ,  ,01,813//,               ,
09,1,86,05,19,0,20,00,/,02,/,3,5,08,2,0,1, ,08,08,807//,               ,
40,1,86,05,20,0,17,30,/,04,/,3,/,01,0,/,/, ,  ,01,/////,               ,
40,1,86,05,20,0,17,35,/,07,/,3,/,02,1,/,/, ,  ,01,/////,               ,
40,1,86,05,20,0,17,35,/,09,/,3,/,03,1,/,/, ,  ,01,/////,               ,
10,1,86,05,20,0,17,45,/,03,4,1,0,04,2,1,1, ,  ,04,/////,               ,
40,1,86,05,20,0,18,00,/,02,/,3,/,05,1,/,/, ,  ,01,/////,               ,
10,1,86,05,20,0,18,05,/,04,4,1,0,01,1,1,1, ,  ,04,/////,               ,
38,1,86,05,20,0,18,40,/,01,4,1,0,02,1,1,1, ,  ,08,/////,               ,
02,1,86,05,20,0,18,45,/,02,2,5,0,01,0,1,1, ,  ,08,/////,               ,
09,1,86,05,20,0,18,50,/,02,6,1,0,03,2,1,1, ,14,08,/////,               ,
09,1,86,05,20,0,18,50,/,03,6,1,0,08,1,0,1, ,14,08,812//,               ,
09,1,86,05,20,0,18,55,/,03,6,1,0,09,2,0,1, ,14,08,8//02,               ,
09,1,86,05,20,0,19,00,/,00,6,1,0,01,1,0,1, ,14,08,/////,               ,4'
07,1,86,05,20,0,19,01,/,01,8,5,0,02,1,4,1, ,  ,07,/////,               ,
09,1,86,05,20,0,19,05,/,01,6,1,0,02,2,1,2, ,14,08,/////,               ,
07,1,86,05,20,0,19,06,/,02,8,5,0,01,0,4,1, ,  ,07,/////,               ,
02,2,86,05,20,0,21,00,/,//,4,5,/,01,1,0,2, ,  ,08,/////,               ,0.80z
09,2,86,05,20,0,21,00,/,06,/,5,0,01,2,0,1, ,12,08,/////,               ,
37,2,86,05,20,0,21,25,/,00,6,7,0,03,1,0,2, ,18,07,/////,               ,
37,2,86,05,20,0,21,45,/,00,6,7,0,02,3,2,2, ,18,07,/////,               ,
38,2,86,05,20,0,21,50,/,03,8,3,0,01,2,0,1, ,  ,08,/////,               ,
38,2,86,05,20,0,21,50,/,02,8,3,0,05,1,0,1, ,  ,08,/////,               ,
10,2,86,05,20,0,22,00,/,04,7,5,0,01,2,0,2, ,  ,04,/////,               ,
02,2,86,05,21,0,01,00,/,//,4,5,/,01,0,0,1, ,  ,08,/////,               ,0.88z
09,1,86,05,21,0,04,20,/,01,2,1,/,08,1,0,1, ,05,08,803//,               ,
33,1,86,05,21,2,05,00,/,02,/,5,9,03,1,4,1, ,09,08,/////,               ,
40,1,86,05,21,0,05,05,/,04,/,3,/,02,1,/,/, ,  ,01,/////,               ,
38,1,86,05,21,0,05,30,/,05,7,5,8,02,1,1,1, ,  ,08,/////,               ,
38,1,86,05,21,0,05,30,/,04,7,5,8,03,2,1,1, ,  ,08,/////,               ,
10,1,86,05,21,0,05,40,/,02,4,1,0,01,2,0,1, ,  ,04,/////,               ,
10,1,86,05,21,0,09,30,/,05,8,6,8,01,2,1,1, ,06,04,/////,               ,
10,1,86,05,21,0,09,30,/,05,8,3,8,07,2,1,1, ,  ,04,/////,               ,
11,1,86,05,22,0,//,//,/,//,/,/,/,01,/,/,/, ,  ,21,/////,               ,
10,1,86,05,22,0,06,05,/,03,8,5,8,01,2,1,1, ,  ,04,/////,               ,
10,1,86,05,22,0,06,05,/,03,8,5,8,05,2,1,1, ,  ,04,/////,               ,
10,1,86,05,22,0,06,10,/,01,8,5,8,02,1,0,1, ,  ,04,/////,               ,
04,1,86,05,23,0,12,20,/,14,3,1,5,01,2,1,1, ,  ,08,/////,               ,
09,1,86,05,23,0,12,30,/,17,8,1,0,01,2,1,2, ,21,08,/////,               ,
02,1,86,05,23,0,13,00,/,08,5,7,0,01,2,1,2, ,  ,08,/////,               ,
38,1,86,05,23,1,13,50,/,01,8,1,5,01,1,0,1, ,  ,07,/////,               ,Tabarz
17,1,86,05,23,1,14,32,/,18,8,1,0,01,2,1,1, ,  ,08,/////,               ,
09,1,86,05,23,0,14,35,/,02,8,1,0,07,3,1,1, ,19,08,/////,               ,
09,1,86,05,23,0,14,40,/,01,8,1,0,03,2,1,1, ,19,08,/////,               ,
33,1,86,05,23,2,15,00,/,03,7,1,8,01,2,4,1, ,  ,08,/////,               ,
40,1,86,05,23,0,15,30,/,03,/,3,/,01,0,/,/, ,  ,01,/////,               ,
40,1,86,05,23,0,18,40,/,01,/,3,/,03,0,/,/, ,  ,01,/////,               ,
40,1,86,05,23,0,18,40,/,04,/,3,/,08,0,/,/, ,  ,01,804//,               ,
38,1,86,05,23,1,19,20,/,04,3,1,8,08,2,0,2, ,  ,07,802//,               ,Tabarz
02,1,86,05,24,0,05,30,/,02,1,5,0,08,0,0,2, ,  ,08,815//,               ,
33,1,86,05,24,0,12,15,/,04,/,3,5,01,1,4,1, ,  ,08,/////,               ,
09,1,86,05,24,0,12,25,/,01,8,3,6,01,1,1,1, ,00,08,/////,               ,Gewitter
11,1,86,05,25,0,//,//,/,//,/,/,/,02,/,/,/, ,  ,21,/////,               ,
40,1,86,05,25,0,18,00,/,01,/,1,/,02,1,/,/, ,  ,01,/////,               ,
11,2,86,05,26,0,//,//,/,//,/,/,/,03,/,/,/, ,  ,21,/////,               ,
07,1,86,05,26,0,04,37,/,01,8,5,0,08,1,0,2, ,  ,07,811//,               ,
07,1,86,05,26,0,04,45,/,38,8,5,0,01,2,4,2, ,  ,07,/////,               ,
07,1,86,05,26,0,04,45,/,23,8,5,0,04,1,1,2, ,  ,07,/////,               ,
40,1,86,05,26,0,05,40,/,06,/,3,/,05,2,/,/, ,  ,01,/////,               ,
09,1,86,05,26,0,05,45,/,22,8,1,0,01,2,1,2, ,38,08,/////,               ,
09,1,86,05,26,0,05,45,/,03,8,1,0,02,2,1,1, ,38,08,/////,               ,
38,1,86,05,26,1,05,45,/,11,7,5,/,01,2,1,1, ,  ,07,/////,               ,Tabarz
38,1,86,05,26,1,05,45,/,11,7,5,/,02,2,1,1, ,  ,07,/////,               ,Tabarz
38,1,86,05,26,1,05,45,/,11,7,5,/,03,2,1,1, ,  ,07,/////,               ,Tabarz
38,1,86,05,26,1,05,45,/,11,7,5,/,05,3,1,1, ,  ,07,/////,               ,Tabarz
38,1,86,05,26,1,06,00,/,04,8,5,/,12,1,1,1, ,  ,07,/////,               ,Tabarz
40,1,86,05,26,0,06,05,/,05,/,3,/,03,2,/,/, ,  ,01,/////,               ,
40,1,86,05,26,0,06,10,/,13,/,3,/,01,1,/,/, ,  ,01,/////,               ,
10,1,86,05,26,0,06,20,/,22,8,5,0,01,2,1,2, ,  ,04,/////,               ,*
10,1,86,05,26,0,06,35,/,08,8,5,0,03,1,0,1, ,  ,04,/////,               ,*
10,1,86,05,26,0,06,35,/,18,8,5,0,07,2,1,1, ,  ,04,/////,               ,*
10,1,86,05,26,0,07,00,/,02,8,5,0,11,1,1,2, ,  ,04,/////,               ,*
10,1,86,05,26,0,07,00,/,02,8,5,0,12,1,1,1, ,  ,04,/////,               ,*
40,1,86,05,26,0,07,15,/,02,/,3,/,02,1,/,/, ,  ,01,/////,               ,
07,1,86,05,26,0,07,25,/,01,8,5,0,12,0,1,1, ,  ,07,/////,               ,
02,1,86,05,26,0,08,00,/,30,4,7,0,01,2,1,2, ,  ,08,/////,               ,
02,1,86,05,26,0,08,00,/,30,4,7,0,07,2,1,2, ,  ,08,/////,               ,
04,1,86,05,26,0,08,12,/,17,6,3,0,01,2,4,2, ,  ,08,/////,               ,
04,1,86,05,26,0,08,25,/,00,7,3,0,03,2,4,1, ,  ,08,/////,               ,
09,1,86,05,26,0,08,30,/,09,8,1,0,07,2,1,1, ,35,08,/////,               ,
09,1,86,05,26,0,08,45,/,02,8,1,0,02,2,1,2, ,35,08,/////,               ,
09,1,86,05,26,0,08,50,/,01,8,1,0,14,1,1,2, ,35,08,/////,               ,
04,1,86,05,26,0,09,00,/,12,8,3,0,07,3,1,2, ,  ,08,/////,               ,
33,1,86,05,26,0,09,00,/,18,6,1,0,01,3,1,2, ,  ,08,/////,               ,
33,1,86,05,26,0,09,00,/,10,6,1,0,07,1,1,1, ,  ,08,/////,               ,
33,1,86,05,26,0,09,55,/,08,6,1,0,04,0,0,2, ,  ,08,/////,               ,
33,1,86,05,26,0,09,55,/,04,6,1,0,13,2,0,1, ,  ,08,/////,               ,
06,1,86,05,26,0,10,00,/,03,/,/,/,01,2,/,/, ,  ,04,/////,               ,
06,1,86,05,26,0,10,00,/,03,/,/,/,07,2,/,/, ,  ,04,/////,               ,
17,1,86,05,26,1,11,22,/,06,6,1,0,01,1,1,1, ,  ,08,/////,               ,
33,1,86,05,26,0,14,25,/,23,4,1,0,01,2,1,1, ,  ,08,/////,               ,
07,1,86,05,26,0,15,03,/,02,8,5,0,01,1,4,1, ,  ,07,/////,               ,
07,1,86,05,26,0,15,03,/,01,8,5,0,04,2,1,2, ,  ,07,/////,               ,
07,1,86,05,26,0,16,15,/,00,8,7,0,01,1,4,1, ,  ,07,/////,               ,
33,1,86,05,26,0,17,25,/,01,4,1,0,04,1,1,1, ,  ,08,/////,               ,
33,1,86,05,26,0,17,30,/,02,4,1,0,11,1,1,1, ,  ,08,/////,               ,
07,1,86,05,26,0,17,33,/,01,8,7,8,03,1,1,1, ,  ,07,/////,               ,
07,1,86,05,26,0,17,48,/,00,8,7,8,02,1,1,1, ,  ,07,/////,               ,
02,1,86,05,26,0,18,00,/,10,3,5,8,01,1,1,1, ,  ,08,/////,               ,
02,1,86,05,26,0,18,00,/,10,3,5,8,04,1,1,1, ,  ,08,/////,               ,
09,1,86,05,26,0,18,15,/,04,6,1,0,02,2,1,1, ,26,08,/////,               ,
09,1,86,05,26,0,18,25,/,02,6,1,0,01,1,1,1, ,36,08,/////,               ,
09,1,86,05,26,0,18,25,/,03,6,1,0,03,3,1,1, ,36,08,/////,               ,
33,1,86,05,26,1,18,45,/,02,4,1,0,04,2,1,1, ,  ,08,/////,               ,
17,1,86,05,26,1,18,50,/,02,8,5,0,02,2,3,2, ,  ,08,/////,               ,
11,1,86,05,27,0,//,//,/,//,/,/,/,05,/,/,/, ,  ,21,/////,               ,
02,1,86,05,27,0,18,30,/,02,2,5,6,01,0,1,1, ,03,08,/////,               ,
02,1,86,05,27,0,18,30,/,02,2,5,6,04,1,1,1, ,03,08,/////,               ,
10,1,86,05,27,0,19,00,/,02,2,3,6,08,1,0,2, ,  ,04,803//,               ,
11,1,86,05,28,0,//,//,/,//,/,/,/,01,/,/,/, ,  ,21,/////,               ,
38,1,86,05,31,1,07,40,/,17,8,5,5,07,3,1,1, ,  ,07,/////,               ,Tabarz
38,1,86,05,31,1,07,40,1,78,5,5,0,12,1,1,/, ,  ,07,/////,               ,Tabarz
07,1,86,05,31,0,17,21,/,01,8,5,8,01,1,4,1, ,  ,07,/////,               ,
09,1,86,05,31,0,19,00,/,01,2,3,5,08,1,0,2, ,15,08,815//,               ,
33,1,86,06,01,2,06,15,/,04,/,1,0,05,1,4,1, ,  ,08,/////,               ,
33,1,86,06,01,2,06,50,/,00,/,1,0,11,0,1,1, ,  ,08,/////,               ,
09,1,86,06,01,0,09,20,/,01,4,3,5,01,1,1,1, ,01,08,/////,               ,
07,1,86,06,01,0,10,06,/,01,8,5,2,01,0,4,1, ,01,07,/////,               ,
07,1,86,06,01,0,13,25,/,04,8,5,2,01,1,4,1, ,  ,07,/////,               ,kE
06,1,86,06,01,0,17,00,/,//,/,/,/,01,0,/,/, ,  ,04,/////,               ,kE
33,1,86,06,01,2,18,40,/,//,8,3,8,01,0,4,1, ,  ,08,/////,               ,
09,1,86,06,01,0,18,50,/,01,2,1,5,10,1,0,2, ,  ,08,80101,               ,
10,1,86,06,02,0,05,50,/,01,2,3,5,03,0,0,1, ,  ,04,/////,               ,
10,1,86,06,02,0,14,30,/,12,8,3,7,01,2,1,2, ,06,04,/////,               ,UH
10,1,86,06,02,0,14,30,/,12,8,3,7,07,2,1,2, ,06,04,/////,               ,UH
40,1,86,06,02,0,15,45,/,06,/,3,/,01,0,/,/, ,  ,01,/////,               ,
40,1,86,06,02,0,15,45,/,02,/,3,/,05,2,/,/, ,  ,01,/////,               ,
40,1,86,06,02,0,16,00,/,00,/,3,/,02,0,/,/, ,  ,01,/////,               ,
40,1,86,06,02,0,16,05,/,01,/,3,/,13,0,/,/, ,  ,01,/////,               ,
07,1,86,06,02,0,19,11,/,01,8,7,8,03,1,4,1, ,  ,07,/////,               ,
11,1,86,06,03,0,//,//,/,//,/,/,/,01,/,/,/, ,  ,21,/////,               ,
07,1,86,06,03,1,05,51,/,01,8,5,9,01,1,4,1, ,  ,07,/////,               ,kE
04,1,86,06,03,0,07,45,/,00,8,3,9,05,1,4,1, ,05,08,/////,               ,
38,1,86,06,03,1,08,30,/,49,8,5,5,01,3,1,1, ,09,07,/////,c-d-e          ,Fischbach/Thringer Wald
38,1,86,06,03,1,09,00,/,17,8,5,5,07,3,1,1, ,09,07,/////,               ,Fischbach/Thringer Wald
04,1,86,06,03,0,14,00,/,01,8,3,5,01,1,4,2, ,  ,08,/////,               ,
04,1,86,06,03,0,14,00,/,01,8,3,5,07,1,4,1, ,  ,08,/////,               ,
09,1,86,06,03,0,14,00,/,03,8,3,5,01,1,1,1, ,02,08,/////,               ,
07,1,86,06,03,1,14,17,/,01,8,3,5,01,1,4,2, ,  ,08,/////,               ,
10,1,86,06,03,0,15,50,/,02,/,/,7,01,1,1,1, ,04,04,/////,               ,
10,1,86,06,03,0,15,50,/,02,/,/,7,05,0,1,1, ,04,04,/////,               ,
07,1,86,06,03,1,17,51,/,00,8,5,2,01,1,4,1, ,  ,07,/////,               ,
02,1,86,06,03,0,19,00,/,01,1,5,8,02,1,1,1, ,06,08,/////,               ,
11,1,86,06,04,0,//,//,/,//,/,/,/,01,/,/,/, ,  ,21,/////,               ,
33,1,86,06,04,2,17,45,/,08,7,5,4,04,1,4,2, ,03,08,/////,               ,
38,1,86,06,04,0,17,45,/,01,8,5,5,02,1,0,1,2,  ,08,/////,               ,
38,1,86,06,04,0,17,50,/,03,8,5,5,01,2,1,1,2,//,08,/////,               ,
38,1,86,06,04,0,17,50,/,03,8,5,5,11,2,1,1,2,  ,08,/////,               ,
02,1,86,06,04,0,18,00,/,05,3,5,6,01,2,1,1, ,09,08,/////,               ,
02,1,86,06,04,0,18,00,/,05,3,5,6,03,1,1,1, ,09,08,/////,               ,
09,1,86,06,04,0,18,15,/,06,6,5,5,01,2,1,1, ,23,08,/////,               ,*
09,1,86,06,04,0,18,15,/,06,6,5,5,05,2,1,1, ,23,08,/////,               ,*
09,1,86,06,04,0,18,20,/,00,6,5,5,02,1,1,2, ,23,08,/////,               ,3'
09,1,86,06,04,0,18,25,/,05,6,5,5,08,1,0,2, ,23,08,805//,               ,*
09,1,86,06,04,0,18,25,/,02,6,5,5,09,1,0,2, ,23,08,8//02,               ,
06,1,86,06,04,0,18,30,/,00,/,/,/,02,/,/,/, ,  ,04,/////,               ,
09,1,86,06,04,0,18,57,/,01,6,3,2,11,2,1,1, ,22,08,/////,               ,* 7'
09,1,86,06,04,0,19,00,/,00,6,3,2,12,2,1,1, ,22,08,/////,c-d            ,*
